profile,perturbation,metric,variant,directions,mean_percent,delta_pp
structured,isolated_pitch,pitch_directed,cel8_001,↗,96.78028785146597,-0.4032258064516153
structured,isolated_pitch,pitch_directed,cel8_001_lw,↗ + LW,99.2180925666199,2.0345789087023225
structured,isolated_pitch,pitch_directed,cel8_002,↘,99.46002805049088,2.2765143925732922
structured,isolated_pitch,pitch_directed,cel8_002_lw,↘ + LW,99.46002805049088,2.2765143925732922
structured,isolated_pitch,pitch_directed,cel8_003,↗ ↘,97.2641588192079,0.0806451612903214
structured,isolated_pitch,pitch_directed,cel8_003_lw,↗ ↘ + LW,99.46002805049088,2.2765143925732922
structured,isolated_pitch,pitch_directed,cel8_004,↖,96.45233086221867,-0.7311827956989231
structured,isolated_pitch,pitch_directed,cel8_004_lw,↖ + LW,98.7868162692847,1.6033026113671245
structured,isolated_pitch,pitch_directed,cel8_005,↗ ↖,96.69964269017565,-0.48387096774193394
structured,isolated_pitch,pitch_directed,cel8_005_lw,↗ ↖ + LW,98.94810659186535,1.7645929339477702
structured,isolated_pitch,pitch_directed,cel8_006,↘ ↖,97.10286849662725,-0.08064516129032417
structured,isolated_pitch,pitch_directed,cel8_006_lw,↘ ↖ + LW,99.2180925666199,2.0345789087023225
structured,isolated_pitch,pitch_directed,cel8_007,↗ ↘ ↖,97.10286849662725,-0.08064516129031862
structured,isolated_pitch,pitch_directed,cel8_007_lw,↗ ↘ ↖ + LW,99.1374474053296,1.953933747412004
structured,isolated_pitch,pitch_directed,cel8_008,↙,99.46002805049088,2.2765143925732922
structured,isolated_pitch,pitch_directed,cel8_008_lw,↙ + LW,99.46002805049088,2.2765143925732922
structured,isolated_pitch,pitch_directed,cel8_009,↗ ↙,97.35344453349362,0.16993087557603814
structured,isolated_pitch,pitch_directed,cel8_009_lw,↗ ↙ + LW,99.29873772791025,2.1152240699926494
structured,isolated_pitch,pitch_directed,cel8_010,↘ ↙,99.46002805049088,2.2765143925732922
structured,isolated_pitch,pitch_directed,cel8_010_lw,↘ ↙ + LW,99.46002805049088,2.2765143925732922
structured,isolated_pitch,pitch_directed,cel8_011,↗ ↘ ↙,97.53201596206505,0.3485023041474661
structured,isolated_pitch,pitch_directed,cel8_011_lw,↗ ↘ ↙ + LW,99.46002805049088,2.2765143925732922
structured,isolated_pitch,pitch_directed,cel8_012,↖ ↙,97.02222333533695,-0.16129032258064557
structured,isolated_pitch,pitch_directed,cel8_012_lw,↖ ↙ + LW,99.109396914446,1.925883256528413
structured,isolated_pitch,pitch_directed,cel8_013,↗ ↖ ↙,97.10286849662725,-0.08064516129031862
structured,isolated_pitch,pitch_directed,cel8_013_lw,↗ ↖ ↙ + LW,99.109396914446,1.925883256528413
structured,isolated_pitch,pitch_directed,cel8_014,↘ ↖ ↙,97.18351365791759,0.0
structured,isolated_pitch,pitch_directed,cel8_014_lw,↘ ↖ ↙ + LW,99.46002805049088,2.2765143925732922
structured,isolated_pitch,pitch_directed,cel8_015,↗ ↘ ↖ ↙,97.18351365791759,0.0
structured,isolated_pitch,pitch_directed,cel8_015_lw,↗ ↘ ↖ ↙ + LW,99.37938288920056,2.1958692312829737
structured,isolated_pitch,pitch_directed,cel8_016,↑,98.05044914178855,0.8669354838709703
structured,isolated_pitch,pitch_directed,cel8_016_lw,↑ + LW,100.0,2.816486342082411
structured,isolated_pitch,pitch_directed,cel8_017,↗ ↑,97.10286849662725,-0.08064516129031862
structured,isolated_pitch,pitch_directed,cel8_017_lw,↗ ↑ + LW,99.46002805049088,2.2765143925732922
structured,isolated_pitch,pitch_directed,cel8_018,↘ ↑,98.86478995525279,1.6812762973351991
structured,isolated_pitch,pitch_directed,cel8_018_lw,↘ ↑ + LW,99.62131837307153,2.4378047151539377
structured,isolated_pitch,pitch_directed,cel8_019,↗ ↘ ↑,97.2641588192079,0.0806451612903214
structured,isolated_pitch,pitch_directed,cel8_019_lw,↗ ↘ ↑ + LW,99.54067321178121,2.357159553863614
structured,isolated_pitch,pitch_directed,cel8_020,↖ ↑,96.69426634608965,-0.48924731182795334
structured,isolated_pitch,pitch_directed,cel8_020_lw,↖ ↑ + LW,99.02875175315567,1.8452380952380942
structured,isolated_pitch,pitch_directed,cel8_021,↗ ↖ ↑,96.78028785146597,-0.4032258064516153
structured,isolated_pitch,pitch_directed,cel8_021_lw,↗ ↖ ↑ + LW,98.94810659186535,1.7645929339477702
structured,isolated_pitch,pitch_directed,cel8_022,↘ ↖ ↑,97.18351365791759,0.0
structured,isolated_pitch,pitch_directed,cel8_022_lw,↘ ↖ ↑ + LW,99.29873772791025,2.1152240699926494
structured,isolated_pitch,pitch_directed,cel8_023,↗ ↘ ↖ ↑,97.18351365791759,0.0
structured,isolated_pitch,pitch_directed,cel8_023_lw,↗ ↘ ↖ ↑ + LW,99.2180925666199,2.0345789087023225
structured,isolated_pitch,pitch_directed,cel8_024,↙ ↑,98.75609430307888,1.5725806451612896
structured,isolated_pitch,pitch_directed,cel8_024_lw,↙ ↑ + LW,99.46002805049088,2.2765143925732922
structured,isolated_pitch,pitch_directed,cel8_025,↗ ↙ ↑,97.44273024777934,0.2592165898617521
structured,isolated_pitch,pitch_directed,cel8_025_lw,↗ ↙ ↑ + LW,99.37938288920056,2.1958692312829737
structured,isolated_pitch,pitch_directed,cel8_026,↘ ↙ ↑,98.98383757430041,1.8003239163828177
structured,isolated_pitch,pitch_directed,cel8_026_lw,↘ ↙ ↑ + LW,99.46002805049088,2.2765143925732922
structured,isolated_pitch,pitch_directed,cel8_027,↗ ↘ ↙ ↑,97.53201596206505,0.3485023041474661
structured,isolated_pitch,pitch_directed,cel8_027_lw,↗ ↘ ↙ ↑ + LW,99.46002805049088,2.2765143925732922
structured,isolated_pitch,pitch_directed,cel8_028,↖ ↙ ↑,97.18351365791759,0.0
structured,isolated_pitch,pitch_directed,cel8_028_lw,↖ ↙ ↑ + LW,99.19004207573632,2.00652841781874
structured,isolated_pitch,pitch_directed,cel8_029,↗ ↖ ↙ ↑,97.18351365791759,0.0
structured,isolated_pitch,pitch_directed,cel8_029_lw,↗ ↖ ↙ ↑ + LW,99.2180925666199,2.0345789087023225
structured,isolated_pitch,pitch_directed,cel8_030,↘ ↖ ↙ ↑,97.45137080077473,0.2678571428571447
structured,isolated_pitch,pitch_directed,cel8_030_lw,↘ ↖ ↙ ↑ + LW,99.46002805049088,2.2765143925732922
structured,isolated_pitch,pitch_directed,cel8_031,↗ ↘ ↖ ↙ ↑,97.18351365791759,0.0
structured,isolated_pitch,pitch_directed,cel8_031_lw,↗ ↘ ↖ ↙ ↑ + LW,99.37938288920056,2.1958692312829737
structured,isolated_pitch,pitch_directed,cel8_032,↓,99.51612903225806,2.332615374340477
structured,isolated_pitch,pitch_directed,cel8_032_lw,↓ + LW,99.46002805049088,2.2765143925732922
structured,isolated_pitch,pitch_directed,cel8_033,↗ ↓,97.35344453349362,0.16993087557603814
structured,isolated_pitch,pitch_directed,cel8_033_lw,↗ ↓ + LW,99.2180925666199,2.0345789087023225
structured,isolated_pitch,pitch_directed,cel8_034,↘ ↓,99.46002805049088,2.2765143925732922
structured,isolated_pitch,pitch_directed,cel8_034_lw,↘ ↓ + LW,99.46002805049088,2.2765143925732922
structured,isolated_pitch,pitch_directed,cel8_035,↗ ↘ ↓,97.53201596206505,0.3485023041474661
structured,isolated_pitch,pitch_directed,cel8_035_lw,↗ ↘ ↓ + LW,99.46002805049088,2.2765143925732922
structured,isolated_pitch,pitch_directed,cel8_036,↖ ↓,96.45233086221867,-0.7311827956989231
structured,isolated_pitch,pitch_directed,cel8_036_lw,↖ ↓ + LW,98.94810659186535,1.7645929339477702
structured,isolated_pitch,pitch_directed,cel8_037,↗ ↖ ↓,96.69964269017565,-0.48387096774193394
structured,isolated_pitch,pitch_directed,cel8_037_lw,↗ ↖ ↓ + LW,98.94810659186535,1.7645929339477702
structured,isolated_pitch,pitch_directed,cel8_038,↘ ↖ ↓,97.45137080077473,0.2678571428571447
structured,isolated_pitch,pitch_directed,cel8_038_lw,↘ ↖ ↓ + LW,99.37938288920056,2.1958692312829737
structured,isolated_pitch,pitch_directed,cel8_039,↗ ↘ ↖ ↓,97.18351365791759,0.0
structured,isolated_pitch,pitch_directed,cel8_039_lw,↗ ↘ ↖ ↓ + LW,99.29873772791025,2.1152240699926494
structured,isolated_pitch,pitch_directed,cel8_040,↙ ↓,99.46002805049088,2.2765143925732922
structured,isolated_pitch,pitch_directed,cel8_040_lw,↙ ↓ + LW,99.46002805049088,2.2765143925732922
structured,isolated_pitch,pitch_directed,cel8_041,↗ ↙ ↓,97.53201596206505,0.3485023041474661
structured,isolated_pitch,pitch_directed,cel8_041_lw,↗ ↙ ↓ + LW,99.46002805049088,2.2765143925732922
structured,isolated_pitch,pitch_directed,cel8_042,↘ ↙ ↓,99.46002805049088,2.2765143925732922
structured,isolated_pitch,pitch_directed,cel8_042_lw,↘ ↙ ↓ + LW,99.46002805049088,2.2765143925732922
structured,isolated_pitch,pitch_directed,cel8_043,↗ ↘ ↙ ↓,97.7998731049222,0.616359447004608
structured,isolated_pitch,pitch_directed,cel8_043_lw,↗ ↘ ↙ ↓ + LW,99.46002805049088,2.2765143925732922
structured,isolated_pitch,pitch_directed,cel8_044,↖ ↙ ↓,97.44273024777934,0.2592165898617521
structured,isolated_pitch,pitch_directed,cel8_044_lw,↖ ↙ ↓ + LW,99.109396914446,1.925883256528413
structured,isolated_pitch,pitch_directed,cel8_045,↗ ↖ ↙ ↓,97.18351365791759,0.0
structured,isolated_pitch,pitch_directed,cel8_045_lw,↗ ↖ ↙ ↓ + LW,99.19004207573632,2.00652841781874
structured,isolated_pitch,pitch_directed,cel8_046,↘ ↖ ↙ ↓,97.71058739063648,0.5270737327188968
structured,isolated_pitch,pitch_directed,cel8_046_lw,↘ ↖ ↙ ↓ + LW,99.46002805049088,2.2765143925732922
structured,isolated_pitch,pitch_directed,cel8_047,↗ ↘ ↖ ↙ ↓,97.2641588192079,0.0806451612903214
structured,isolated_pitch,pitch_directed,cel8_047_lw,↗ ↘ ↖ ↙ ↓ + LW,99.37938288920056,2.1958692312829737
structured,isolated_pitch,pitch_directed,cel8_048,↑ ↓,98.91738462565952,1.733870967741935
structured,isolated_pitch,pitch_directed,cel8_048_lw,↑ ↓ + LW,99.91935483870968,2.7358411807920895
structured,isolated_pitch,pitch_directed,cel8_049,↗ ↑ ↓,97.35344453349362,0.16993087557603814
structured,isolated_pitch,pitch_directed,cel8_049_lw,↗ ↑ ↓ + LW,99.37938288920056,2.1958692312829737
structured,isolated_pitch,pitch_directed,cel8_050,↘ ↑ ↓,98.98383757430041,1.8003239163828177
structured,isolated_pitch,pitch_directed,cel8_050_lw,↘ ↑ ↓ + LW,99.62131837307153,2.4378047151539377
structured,isolated_pitch,pitch_directed,cel8_051,↗ ↘ ↑ ↓,97.53201596206505,0.3485023041474661
structured,isolated_pitch,pitch_directed,cel8_051_lw,↗ ↘ ↑ ↓ + LW,99.54067321178121,2.357159553863614
structured,isolated_pitch,pitch_directed,cel8_052,↖ ↑ ↓,97.02222333533695,-0.16129032258064557
structured,isolated_pitch,pitch_directed,cel8_052_lw,↖ ↑ ↓ + LW,99.02875175315567,1.8452380952380942
structured,isolated_pitch,pitch_directed,cel8_053,↗ ↖ ↑ ↓,97.02222333533695,-0.16129032258064557
structured,isolated_pitch,pitch_directed,cel8_053_lw,↗ ↖ ↑ ↓ + LW,98.94810659186535,1.7645929339477702
structured,isolated_pitch,pitch_directed,cel8_054,↘ ↖ ↑ ↓,97.45137080077473,0.2678571428571447
structured,isolated_pitch,pitch_directed,cel8_054_lw,↘ ↖ ↑ ↓ + LW,99.37938288920056,2.1958692312829737
structured,isolated_pitch,pitch_directed,cel8_055,↗ ↘ ↖ ↑ ↓,97.18351365791759,0.0
structured,isolated_pitch,pitch_directed,cel8_055_lw,↗ ↘ ↖ ↑ ↓ + LW,99.29873772791025,2.1152240699926494
structured,isolated_pitch,pitch_directed,cel8_056,↙ ↑ ↓,98.75609430307888,1.5725806451612896
structured,isolated_pitch,pitch_directed,cel8_056_lw,↙ ↑ ↓ + LW,99.46002805049088,2.2765143925732922
structured,isolated_pitch,pitch_directed,cel8_057,↗ ↙ ↑ ↓,97.71058739063648,0.5270737327188968
structured,isolated_pitch,pitch_directed,cel8_057_lw,↗ ↙ ↑ ↓ + LW,99.46002805049088,2.2765143925732922
structured,isolated_pitch,pitch_directed,cel8_058,↘ ↙ ↑ ↓,98.98383757430041,1.8003239163828177
structured,isolated_pitch,pitch_directed,cel8_058_lw,↘ ↙ ↑ ↓ + LW,99.46002805049088,2.2765143925732922
structured,isolated_pitch,pitch_directed,cel8_059,↗ ↘ ↙ ↑ ↓,97.97844453349363,0.7949308755760359
structured,isolated_pitch,pitch_directed,cel8_059_lw,↗ ↘ ↙ ↑ ↓ + LW,99.46002805049088,2.2765143925732922
structured,isolated_pitch,pitch_directed,cel8_060,↖ ↙ ↑ ↓,97.53201596206505,0.3485023041474661
structured,isolated_pitch,pitch_directed,cel8_060_lw,↖ ↙ ↑ ↓ + LW,99.35133239831697,2.1678187403993827
structured,isolated_pitch,pitch_directed,cel8_061,↗ ↖ ↙ ↑ ↓,97.2641588192079,0.0806451612903214
structured,isolated_pitch,pitch_directed,cel8_061_lw,↗ ↖ ↙ ↑ ↓ + LW,99.37938288920056,2.1958692312829737
structured,isolated_pitch,pitch_directed,cel8_062,↘ ↖ ↙ ↑ ↓,97.7912325519268,0.6077188940092182
structured,isolated_pitch,pitch_directed,cel8_062_lw,↘ ↖ ↙ ↑ ↓ + LW,99.46002805049088,2.2765143925732922
structured,isolated_pitch,pitch_directed,cel8_063,↗ ↘ ↖ ↙ ↑ ↓,97.35344453349362,0.16993087557603814
structured,isolated_pitch,pitch_directed,cel8_063_lw,↗ ↘ ↖ ↙ ↑ ↓ + LW,99.46002805049088,2.2765143925732922
structured,isolated_pitch,pitch_directed,cel8_064,→,93.1622921258265,-4.021221532091099
structured,isolated_pitch,pitch_directed,cel8_064_lw,→ + LW,94.63890002003606,-2.5446136378815263
structured,isolated_pitch,pitch_directed,cel8_065,↗ →,97.62130167635075,0.4377880184331773
structured,isolated_pitch,pitch_directed,cel8_065_lw,↗ → + LW,99.6159420289855,2.4324283710679184
structured,isolated_pitch,pitch_directed,cel8_066,↘ →,97.93214557035998,0.7486319124423962
structured,isolated_pitch,pitch_directed,cel8_066_lw,↘ → + LW,99.75268817204301,2.5691745141254247
structured,isolated_pitch,pitch_directed,cel8_067,↗ ↘ →,97.96980398049823,0.7862903225806461
structured,isolated_pitch,pitch_directed,cel8_067_lw,↗ ↘ → + LW,99.62131837307153,2.4378047151539377
structured,isolated_pitch,pitch_directed,cel8_068,↖ →,97.53201596206505,0.3485023041474661
structured,isolated_pitch,pitch_directed,cel8_068_lw,↖ → + LW,99.54067321178121,2.357159553863614
structured,isolated_pitch,pitch_directed,cel8_069,↗ ↖ →,97.18351365791759,0.0
structured,isolated_pitch,pitch_directed,cel8_069_lw,↗ ↖ → + LW,99.37938288920056,2.1958692312829737
structured,isolated_pitch,pitch_directed,cel8_070,↘ ↖ →,97.62130167635075,0.4377880184331773
structured,isolated_pitch,pitch_directed,cel8_070_lw,↘ ↖ → + LW,99.46002805049088,2.2765143925732922
structured,isolated_pitch,pitch_directed,cel8_071,↗ ↘ ↖ →,97.18351365791759,0.0
structured,isolated_pitch,pitch_directed,cel8_071_lw,↗ ↘ ↖ → + LW,99.54067321178121,2.357159553863614
structured,isolated_pitch,pitch_directed,cel8_072,↙ →,97.95481971715755,0.7713060592399623
structured,isolated_pitch,pitch_directed,cel8_072_lw,↙ → + LW,99.62584735857878,2.442333700661184
structured,isolated_pitch,pitch_directed,cel8_073,↗ ↙ →,97.97844453349363,0.7949308755760359
structured,isolated_pitch,pitch_directed,cel8_073_lw,↗ ↙ → + LW,99.54067321178121,2.357159553863614
structured,isolated_pitch,pitch_directed,cel8_074,↘ ↙ →,99.30629821178121,2.122784553863613
structured,isolated_pitch,pitch_directed,cel8_074_lw,↘ ↙ → + LW,99.64936886395512,2.4658552060375287
structured,isolated_pitch,pitch_directed,cel8_075,↗ ↘ ↙ →,98.14837540906966,0.9648617511520741
structured,isolated_pitch,pitch_directed,cel8_075_lw,↗ ↘ ↙ → + LW,99.54067321178121,2.357159553863614
structured,isolated_pitch,pitch_directed,cel8_076,↖ ↙ →,97.88915881920789,0.705645161290322
structured,isolated_pitch,pitch_directed,cel8_076_lw,↖ ↙ → + LW,99.54067321178121,2.357159553863614
structured,isolated_pitch,pitch_directed,cel8_077,↗ ↖ ↙ →,97.18351365791759,0.0
structured,isolated_pitch,pitch_directed,cel8_077_lw,↗ ↖ ↙ → + LW,99.46002805049088,2.2765143925732922
structured,isolated_pitch,pitch_directed,cel8_078,↘ ↖ ↙ →,98.14837540906966,0.9648617511520741
structured,isolated_pitch,pitch_directed,cel8_078_lw,↘ ↖ ↙ → + LW,99.54067321178121,2.357159553863614
structured,isolated_pitch,pitch_directed,cel8_079,↗ ↘ ↖ ↙ →,97.44273024777934,0.2592165898617521
structured,isolated_pitch,pitch_directed,cel8_079_lw,↗ ↘ ↖ ↙ → + LW,99.54067321178121,2.357159553863614
structured,isolated_pitch,pitch_directed,cel8_080,↑ →,99.70196353436185,2.518449876444262
structured,isolated_pitch,pitch_directed,cel8_080_lw,↑ → + LW,99.58602150537634,2.402507847458757
structured,isolated_pitch,pitch_directed,cel8_081,↗ ↑ →,97.7998731049222,0.616359447004608
structured,isolated_pitch,pitch_directed,cel8_081_lw,↗ ↑ → + LW,99.89130434782608,2.707790689908496
structured,isolated_pitch,pitch_directed,cel8_082,↘ ↑ →,99.54067321178121,2.357159553863614
structured,isolated_pitch,pitch_directed,cel8_082_lw,↘ ↑ → + LW,100.0,2.816486342082411
structured,isolated_pitch,pitch_directed,cel8_083,↗ ↘ ↑ →,97.96980398049823,0.7862903225806461
structured,isolated_pitch,pitch_directed,cel8_083_lw,↗ ↘ ↑ → + LW,99.78260869565217,2.5990950377345836
structured,isolated_pitch,pitch_directed,cel8_084,↖ ↑ →,97.62130167635075,0.4377880184331773
structured,isolated_pitch,pitch_directed,cel8_084_lw,↖ ↑ → + LW,99.62131837307153,2.4378047151539377
structured,isolated_pitch,pitch_directed,cel8_085,↗ ↖ ↑ →,97.18351365791759,0.0
structured,isolated_pitch,pitch_directed,cel8_085_lw,↗ ↖ ↑ → + LW,99.46002805049088,2.2765143925732922
structured,isolated_pitch,pitch_directed,cel8_086,↘ ↖ ↑ →,97.71058739063648,0.5270737327188968
structured,isolated_pitch,pitch_directed,cel8_086_lw,↘ ↖ ↑ → + LW,99.54067321178121,2.357159553863614
structured,isolated_pitch,pitch_directed,cel8_087,↗ ↘ ↖ ↑ →,97.18351365791759,0.0
structured,isolated_pitch,pitch_directed,cel8_087_lw,↗ ↘ ↖ ↑ → + LW,99.54067321178121,2.357159553863614
structured,isolated_pitch,pitch_directed,cel8_088,↙ ↑ →,99.54067321178121,2.357159553863614
structured,isolated_pitch,pitch_directed,cel8_088_lw,↙ ↑ → + LW,99.73001402524545,2.546500367327853
structured,isolated_pitch,pitch_directed,cel8_089,↗ ↙ ↑ →,97.97844453349363,0.7949308755760359
structured,isolated_pitch,pitch_directed,cel8_089_lw,↗ ↙ ↑ → + LW,99.62131837307153,2.4378047151539377
structured,isolated_pitch,pitch_directed,cel8_090,↘ ↙ ↑ →,99.46002805049088,2.2765143925732922
structured,isolated_pitch,pitch_directed,cel8_090_lw,↘ ↙ ↑ → + LW,99.73001402524545,2.546500367327853
structured,isolated_pitch,pitch_directed,cel8_091,↗ ↘ ↙ ↑ →,98.14837540906966,0.9648617511520741
structured,isolated_pitch,pitch_directed,cel8_091_lw,↗ ↘ ↙ ↑ → + LW,99.54067321178121,2.357159553863614
structured,isolated_pitch,pitch_directed,cel8_092,↖ ↙ ↑ →,97.96980398049823,0.7862903225806461
structured,isolated_pitch,pitch_directed,cel8_092_lw,↖ ↙ ↑ → + LW,99.54067321178121,2.357159553863614
structured,isolated_pitch,pitch_directed,cel8_093,↗ ↖ ↙ ↑ →,97.2641588192079,0.0806451612903214
structured,isolated_pitch,pitch_directed,cel8_093_lw,↗ ↖ ↙ ↑ → + LW,99.46002805049088,2.2765143925732922
structured,isolated_pitch,pitch_directed,cel8_094,↘ ↖ ↙ ↑ →,98.05908969478394,0.8755760368663629
structured,isolated_pitch,pitch_directed,cel8_094_lw,↘ ↖ ↙ ↑ → + LW,99.54067321178121,2.357159553863614
structured,isolated_pitch,pitch_directed,cel8_095,↗ ↘ ↖ ↙ ↑ →,97.44273024777934,0.2592165898617521
structured,isolated_pitch,pitch_directed,cel8_095_lw,↗ ↘ ↖ ↙ ↑ → + LW,99.54067321178121,2.357159553863614
structured,isolated_pitch,pitch_directed,cel8_096,↓ →,96.14721394343152,-1.0362997144860748
structured,isolated_pitch,pitch_directed,cel8_096_lw,↓ → + LW,98.82829301075269,1.6447793528351045
structured,isolated_pitch,pitch_directed,cel8_097,↗ ↓ →,97.97844453349363,0.7949308755760359
structured,isolated_pitch,pitch_directed,cel8_097_lw,↗ ↓ → + LW,99.78260869565217,2.5990950377345836
structured,isolated_pitch,pitch_directed,cel8_098,↘ ↓ →,99.29588154511453,2.112367887196948
structured,isolated_pitch,pitch_directed,cel8_098_lw,↘ ↓ → + LW,99.91935483870968,2.7358411807920895
structured,isolated_pitch,pitch_directed,cel8_099,↗ ↘ ↓ →,98.14837540906966,0.9648617511520741
structured,isolated_pitch,pitch_directed,cel8_099_lw,↗ ↘ ↓ → + LW,99.54067321178121,2.357159553863614
structured,isolated_pitch,pitch_directed,cel8_100,↖ ↓ →,97.71058739063648,0.5270737327188968
structured,isolated_pitch,pitch_directed,cel8_100_lw,↖ ↓ → + LW,99.46002805049088,2.2765143925732922
structured,isolated_pitch,pitch_directed,cel8_101,↗ ↖ ↓ →,97.18351365791759,0.0
structured,isolated_pitch,pitch_directed,cel8_101_lw,↗ ↖ ↓ → + LW,99.37938288920056,2.1958692312829737
structured,isolated_pitch,pitch_directed,cel8_102,↘ ↖ ↓ →,98.23766112335537,1.054147465437791
structured,isolated_pitch,pitch_directed,cel8_102_lw,↘ ↖ ↓ → + LW,99.54067321178121,2.357159553863614
structured,isolated_pitch,pitch_directed,cel8_103,↗ ↘ ↖ ↓ →,97.44273024777934,0.2592165898617521
structured,isolated_pitch,pitch_directed,cel8_103_lw,↗ ↘ ↖ ↓ → + LW,99.54067321178121,2.357159553863614
structured,isolated_pitch,pitch_directed,cel8_104,↙ ↓ →,99.13963154511454,1.9561178871969482
structured,isolated_pitch,pitch_directed,cel8_104_lw,↙ ↓ → + LW,99.73001402524545,2.546500367327853
structured,isolated_pitch,pitch_directed,cel8_105,↗ ↙ ↓ →,98.14837540906966,0.9648617511520741
structured,isolated_pitch,pitch_directed,cel8_105_lw,↗ ↙ ↓ → + LW,99.54067321178121,2.357159553863614
structured,isolated_pitch,pitch_directed,cel8_106,↘ ↙ ↓ →,99.46002805049088,2.2765143925732922
structured,isolated_pitch,pitch_directed,cel8_106_lw,↘ ↙ ↓ → + LW,99.54067321178121,2.357159553863614
structured,isolated_pitch,pitch_directed,cel8_107,↗ ↘ ↙ ↓ →,98.40759199893141,1.224078341013826
structured,isolated_pitch,pitch_directed,cel8_107_lw,↗ ↘ ↙ ↓ → + LW,99.54067321178121,2.357159553863614
structured,isolated_pitch,pitch_directed,cel8_108,↖ ↙ ↓ →,98.23766112335537,1.054147465437791
structured,isolated_pitch,pitch_directed,cel8_108_lw,↖ ↙ ↓ → + LW,99.54067321178121,2.357159553863614
structured,isolated_pitch,pitch_directed,cel8_109,↗ ↖ ↙ ↓ →,97.44273024777934,0.2592165898617521
structured,isolated_pitch,pitch_directed,cel8_109_lw,↗ ↖ ↙ ↓ → + LW,99.54067321178121,2.357159553863614
structured,isolated_pitch,pitch_directed,cel8_110,↘ ↖ ↙ ↓ →,98.35670874240299,1.1731950844854095
structured,isolated_pitch,pitch_directed,cel8_110_lw,↘ ↖ ↙ ↓ → + LW,99.54067321178121,2.357159553863614
structured,isolated_pitch,pitch_directed,cel8_111,↗ ↘ ↖ ↙ ↓ →,97.71058739063648,0.5270737327188968
structured,isolated_pitch,pitch_directed,cel8_111_lw,↗ ↘ ↖ ↙ ↓ → + LW,99.54067321178121,2.357159553863614
structured,isolated_pitch,pitch_directed,cel8_112,↑ ↓ →,99.62131837307153,2.4378047151539377
structured,isolated_pitch,pitch_directed,cel8_112_lw,↑ ↓ → + LW,100.0,2.816486342082411
structured,isolated_pitch,pitch_directed,cel8_113,↗ ↑ ↓ →,98.05908969478394,0.8755760368663629
structured,isolated_pitch,pitch_directed,cel8_113_lw,↗ ↑ ↓ → + LW,99.89130434782608,2.707790689908496
structured,isolated_pitch,pitch_directed,cel8_114,↘ ↑ ↓ →,99.46002805049088,2.2765143925732922
structured,isolated_pitch,pitch_directed,cel8_114_lw,↘ ↑ ↓ → + LW,100.0,2.816486342082411
structured,isolated_pitch,pitch_directed,cel8_115,↗ ↘ ↑ ↓ →,98.05908969478394,0.8755760368663629
structured,isolated_pitch,pitch_directed,cel8_115_lw,↗ ↘ ↑ ↓ → + LW,99.78260869565217,2.5990950377345836
structured,isolated_pitch,pitch_directed,cel8_116,↖ ↑ ↓ →,97.96980398049823,0.7862903225806461
structured,isolated_pitch,pitch_directed,cel8_116_lw,↖ ↑ ↓ → + LW,99.70196353436185,2.518449876444262
structured,isolated_pitch,pitch_directed,cel8_117,↗ ↖ ↑ ↓ →,97.2641588192079,0.0806451612903214
structured,isolated_pitch,pitch_directed,cel8_117_lw,↗ ↖ ↑ ↓ → + LW,99.46002805049088,2.2765143925732922
structured,isolated_pitch,pitch_directed,cel8_118,↘ ↖ ↑ ↓ →,98.14837540906966,0.9648617511520741
structured,isolated_pitch,pitch_directed,cel8_118_lw,↘ ↖ ↑ ↓ → + LW,99.54067321178121,2.357159553863614
structured,isolated_pitch,pitch_directed,cel8_119,↗ ↘ ↖ ↑ ↓ →,97.53201596206505,0.3485023041474661
structured,isolated_pitch,pitch_directed,cel8_119_lw,↗ ↘ ↖ ↑ ↓ → + LW,99.54067321178121,2.357159553863614
structured,isolated_pitch,pitch_directed,cel8_120,↙ ↑ ↓ →,99.46002805049088,2.2765143925732922
structured,isolated_pitch,pitch_directed,cel8_120_lw,↙ ↑ ↓ → + LW,99.73001402524545,2.546500367327853
structured,isolated_pitch,pitch_directed,cel8_121,↗ ↙ ↑ ↓ →,98.14837540906966,0.9648617511520741
structured,isolated_pitch,pitch_directed,cel8_121_lw,↗ ↙ ↑ ↓ → + LW,99.62131837307153,2.4378047151539377
structured,isolated_pitch,pitch_directed,cel8_122,↘ ↙ ↑ ↓ →,99.46002805049088,2.2765143925732922
structured,isolated_pitch,pitch_directed,cel8_122_lw,↘ ↙ ↑ ↓ → + LW,99.73001402524545,2.546500367327853
structured,isolated_pitch,pitch_directed,cel8_123,↗ ↘ ↙ ↑ ↓ →,98.3183062846457,1.134792626728115
structured,isolated_pitch,pitch_directed,cel8_123_lw,↗ ↘ ↙ ↑ ↓ → + LW,99.54067321178121,2.357159553863614
structured,isolated_pitch,pitch_directed,cel8_124,↖ ↙ ↑ ↓ →,97.96980398049823,0.7862903225806461
structured,isolated_pitch,pitch_directed,cel8_124_lw,↖ ↙ ↑ ↓ → + LW,99.54067321178121,2.357159553863614
structured,isolated_pitch,pitch_directed,cel8_125,↗ ↖ ↙ ↑ ↓ →,97.53201596206505,0.3485023041474661
structured,isolated_pitch,pitch_directed,cel8_125_lw,↗ ↖ ↙ ↑ ↓ → + LW,99.54067321178121,2.357159553863614
structured,isolated_pitch,pitch_directed,cel8_126,↘ ↖ ↙ ↑ ↓ →,98.3183062846457,1.134792626728115
structured,isolated_pitch,pitch_directed,cel8_126_lw,↘ ↖ ↙ ↑ ↓ → + LW,99.54067321178121,2.357159553863614
structured,isolated_pitch,pitch_directed,cel8_127,↗ ↘ ↖ ↙ ↑ ↓ →,97.7998731049222,0.616359447004608
structured,isolated_pitch,pitch_directed,cel8_127_lw,↗ ↘ ↖ ↙ ↑ ↓ → + LW,99.54067321178121,2.357159553863614
structured,isolated_pitch,pitch_directed,cel8_128,←,93.10928003740065,-4.074233620516932
structured,isolated_pitch,pitch_directed,cel8_128_lw,← + LW,94.82284779269351,-2.3606658652240737
structured,isolated_pitch,pitch_directed,cel8_129,↗ ←,97.74034929539837,0.5568356374807959
structured,isolated_pitch,pitch_directed,cel8_129_lw,↗ ← + LW,99.00741438756428,1.8239007296466907
structured,isolated_pitch,pitch_directed,cel8_130,↘ ←,97.23021125525946,0.04669759734187706
structured,isolated_pitch,pitch_directed,cel8_130_lw,↘ ← + LW,98.65845605423095,1.4749423963133639
structured,isolated_pitch,pitch_directed,cel8_131,↗ ↘ ←,97.91892072396982,0.7354070660522266
structured,isolated_pitch,pitch_directed,cel8_131_lw,↗ ↘ ← + LW,99.81065918653576,2.6271455286181746
structured,isolated_pitch,pitch_directed,cel8_132,↖ ←,97.36208508648902,0.17857142857142794
structured,isolated_pitch,pitch_directed,cel8_132_lw,↖ ← + LW,99.46002805049088,2.2765143925732922
structured,isolated_pitch,pitch_directed,cel8_133,↗ ↖ ←,97.10286849662725,-0.08064516129031862
structured,isolated_pitch,pitch_directed,cel8_133_lw,↗ ↖ ← + LW,99.46002805049088,2.2765143925732922
structured,isolated_pitch,pitch_directed,cel8_134,↘ ↖ ←,97.80851365791759,0.6250000000000006
structured,isolated_pitch,pitch_directed,cel8_134_lw,↘ ↖ ← + LW,99.62131837307153,2.4378047151539377
structured,isolated_pitch,pitch_directed,cel8_135,↗ ↘ ↖ ←,97.18351365791759,0.0
structured,isolated_pitch,pitch_directed,cel8_135_lw,↗ ↘ ↖ ← + LW,99.54067321178121,2.357159553863614
structured,isolated_pitch,pitch_directed,cel8_136,↙ ←,97.70297890369332,0.5194652457757326
structured,isolated_pitch,pitch_directed,cel8_136_lw,↙ ← + LW,99.62131837307153,2.4378047151539377
structured,isolated_pitch,pitch_directed,cel8_137,↗ ↙ ←,98.00820643825551,0.8246927803379406
structured,isolated_pitch,pitch_directed,cel8_137_lw,↗ ↙ ← + LW,99.62131837307153,2.4378047151539377
structured,isolated_pitch,pitch_directed,cel8_138,↘ ↙ ←,99.06940305049088,1.8858893925732922
structured,isolated_pitch,pitch_directed,cel8_138_lw,↘ ↙ ← + LW,99.62131837307153,2.4378047151539377
structured,isolated_pitch,pitch_directed,cel8_139,↗ ↘ ↙ ←,98.09749215254125,0.9139784946236545
structured,isolated_pitch,pitch_directed,cel8_139_lw,↗ ↘ ↙ ← + LW,99.62131837307153,2.4378047151539377
structured,isolated_pitch,pitch_directed,cel8_140,↖ ↙ ←,97.88915881920789,0.705645161290322
structured,isolated_pitch,pitch_directed,cel8_140_lw,↖ ↙ ← + LW,99.54067321178121,2.357159553863614
structured,isolated_pitch,pitch_directed,cel8_141,↗ ↖ ↙ ←,97.2727993722033,0.08928571428571119
structured,isolated_pitch,pitch_directed,cel8_141_lw,↗ ↖ ↙ ← + LW,99.54067321178121,2.357159553863614
structured,isolated_pitch,pitch_directed,cel8_142,↘ ↖ ↙ ←,97.96980398049823,0.7862903225806461
structured,isolated_pitch,pitch_directed,cel8_142_lw,↘ ↖ ↙ ← + LW,99.62131837307153,2.4378047151539377
structured,isolated_pitch,pitch_directed,cel8_143,↗ ↘ ↖ ↙ ←,97.44273024777934,0.2592165898617521
structured,isolated_pitch,pitch_directed,cel8_143_lw,↗ ↘ ↖ ↙ ← + LW,99.54067321178121,2.357159553863614
structured,isolated_pitch,pitch_directed,cel8_144,↑ ←,99.1512388966807,1.9677252387631072
structured,isolated_pitch,pitch_directed,cel8_144_lw,↑ ← + LW,98.59595605423095,1.412442396313357
structured,isolated_pitch,pitch_directed,cel8_145,↗ ↑ ←,97.62130167635075,0.4377880184331773
structured,isolated_pitch,pitch_directed,cel8_145_lw,↗ ↑ ← + LW,99.81065918653576,2.6271455286181746
structured,isolated_pitch,pitch_directed,cel8_146,↘ ↑ ←,99.54067321178121,2.357159553863614
structured,isolated_pitch,pitch_directed,cel8_146_lw,↘ ↑ ← + LW,99.89130434782608,2.707790689908496
structured,isolated_pitch,pitch_directed,cel8_147,↗ ↘ ↑ ←,97.88915881920789,0.705645161290322
structured,isolated_pitch,pitch_directed,cel8_147_lw,↗ ↘ ↑ ← + LW,99.81065918653576,2.6271455286181746
structured,isolated_pitch,pitch_directed,cel8_148,↖ ↑ ←,97.45137080077473,0.2678571428571447
structured,isolated_pitch,pitch_directed,cel8_148_lw,↖ ↑ ← + LW,99.54067321178121,2.357159553863614
structured,isolated_pitch,pitch_directed,cel8_149,↗ ↖ ↑ ←,97.18351365791759,0.0
structured,isolated_pitch,pitch_directed,cel8_149_lw,↗ ↖ ↑ ← + LW,99.54067321178121,2.357159553863614
structured,isolated_pitch,pitch_directed,cel8_150,↘ ↖ ↑ ←,97.88915881920789,0.705645161290322
structured,isolated_pitch,pitch_directed,cel8_150_lw,↘ ↖ ↑ ← + LW,99.62131837307153,2.4378047151539377
structured,isolated_pitch,pitch_directed,cel8_151,↗ ↘ ↖ ↑ ←,97.18351365791759,0.0
structured,isolated_pitch,pitch_directed,cel8_151_lw,↗ ↘ ↖ ↑ ← + LW,99.54067321178121,2.357159553863614
structured,isolated_pitch,pitch_directed,cel8_152,↙ ↑ ←,99.46002805049088,2.2765143925732922
structured,isolated_pitch,pitch_directed,cel8_152_lw,↙ ↑ ← + LW,99.78260869565217,2.5990950377345836
structured,isolated_pitch,pitch_directed,cel8_153,↗ ↙ ↑ ←,97.88915881920789,0.705645161290322
structured,isolated_pitch,pitch_directed,cel8_153_lw,↗ ↙ ↑ ← + LW,99.70196353436185,2.518449876444262
structured,isolated_pitch,pitch_directed,cel8_154,↘ ↙ ↑ ←,99.46002805049088,2.2765143925732922
structured,isolated_pitch,pitch_directed,cel8_154_lw,↘ ↙ ↑ ← + LW,99.70196353436185,2.518449876444262
structured,isolated_pitch,pitch_directed,cel8_155,↗ ↘ ↙ ↑ ←,97.97844453349363,0.7949308755760359
structured,isolated_pitch,pitch_directed,cel8_155_lw,↗ ↘ ↙ ↑ ← + LW,99.70196353436185,2.518449876444262
structured,isolated_pitch,pitch_directed,cel8_156,↖ ↙ ↑ ←,97.88915881920789,0.705645161290322
structured,isolated_pitch,pitch_directed,cel8_156_lw,↖ ↙ ↑ ← + LW,99.62131837307153,2.4378047151539377
structured,isolated_pitch,pitch_directed,cel8_157,↗ ↖ ↙ ↑ ←,97.35344453349362,0.16993087557603814
structured,isolated_pitch,pitch_directed,cel8_157_lw,↗ ↖ ↙ ↑ ← + LW,99.54067321178121,2.357159553863614
structured,isolated_pitch,pitch_directed,cel8_158,↘ ↖ ↙ ↑ ←,97.96980398049823,0.7862903225806461
structured,isolated_pitch,pitch_directed,cel8_158_lw,↘ ↖ ↙ ↑ ← + LW,99.62131837307153,2.4378047151539377
structured,isolated_pitch,pitch_directed,cel8_159,↗ ↘ ↖ ↙ ↑ ←,97.44273024777934,0.2592165898617521
structured,isolated_pitch,pitch_directed,cel8_159_lw,↗ ↘ ↖ ↙ ↑ ← + LW,99.62131837307153,2.4378047151539377
structured,isolated_pitch,pitch_directed,cel8_160,↓ ←,95.30569608628865,-1.8778175716289314
structured,isolated_pitch,pitch_directed,cel8_160_lw,↓ ← + LW,97.60385255960729,0.4203389016897041
structured,isolated_pitch,pitch_directed,cel8_161,↗ ↓ ←,98.00820643825551,0.8246927803379406
structured,isolated_pitch,pitch_directed,cel8_161_lw,↗ ↓ ← + LW,99.81065918653576,2.6271455286181746
structured,isolated_pitch,pitch_directed,cel8_162,↘ ↓ ←,98.41703190743338,1.2335182495157915
structured,isolated_pitch,pitch_directed,cel8_162_lw,↘ ↓ ← + LW,99.81065918653576,2.6271455286181746
structured,isolated_pitch,pitch_directed,cel8_163,↗ ↘ ↓ ←,98.09749215254125,0.9139784946236545
structured,isolated_pitch,pitch_directed,cel8_163_lw,↗ ↘ ↓ ← + LW,99.81065918653576,2.6271455286181746
structured,isolated_pitch,pitch_directed,cel8_164,↖ ↓ ←,97.80851365791759,0.6250000000000006
structured,isolated_pitch,pitch_directed,cel8_164_lw,↖ ↓ ← + LW,99.46002805049088,2.2765143925732922
structured,isolated_pitch,pitch_directed,cel8_165,↗ ↖ ↓ ←,97.2727993722033,0.08928571428571119
structured,isolated_pitch,pitch_directed,cel8_165_lw,↗ ↖ ↓ ← + LW,99.46002805049088,2.2765143925732922
structured,isolated_pitch,pitch_directed,cel8_166,↘ ↖ ↓ ←,97.96980398049823,0.7862903225806461
structured,isolated_pitch,pitch_directed,cel8_166_lw,↘ ↖ ↓ ← + LW,99.62131837307153,2.4378047151539377
structured,isolated_pitch,pitch_directed,cel8_167,↗ ↘ ↖ ↓ ←,97.53201596206505,0.3485023041474661
structured,isolated_pitch,pitch_directed,cel8_167_lw,↗ ↘ ↖ ↓ ← + LW,99.54067321178121,2.357159553863614
structured,isolated_pitch,pitch_directed,cel8_168,↙ ↓ ←,98.73606971715756,1.5525560592399597
structured,isolated_pitch,pitch_directed,cel8_168_lw,↙ ↓ ← + LW,99.62131837307153,2.4378047151539377
structured,isolated_pitch,pitch_directed,cel8_169,↗ ↙ ↓ ←,98.09749215254125,0.9139784946236545
structured,isolated_pitch,pitch_directed,cel8_169_lw,↗ ↙ ↓ ← + LW,99.62131837307153,2.4378047151539377
structured,isolated_pitch,pitch_directed,cel8_170,↘ ↙ ↓ ←,99.46002805049088,2.2765143925732922
structured,isolated_pitch,pitch_directed,cel8_170_lw,↘ ↙ ↓ ← + LW,99.62131837307153,2.4378047151539377
structured,isolated_pitch,pitch_directed,cel8_171,↗ ↘ ↙ ↓ ←,98.27606358111267,1.0925499231950826
structured,isolated_pitch,pitch_directed,cel8_171_lw,↗ ↘ ↙ ↓ ← + LW,99.62131837307153,2.4378047151539377
structured,isolated_pitch,pitch_directed,cel8_172,↖ ↙ ↓ ←,97.88915881920789,0.705645161290322
structured,isolated_pitch,pitch_directed,cel8_172_lw,↖ ↙ ↓ ← + LW,99.62131837307153,2.4378047151539377
structured,isolated_pitch,pitch_directed,cel8_173,↗ ↖ ↙ ↓ ←,97.44273024777934,0.2592165898617521
structured,isolated_pitch,pitch_directed,cel8_173_lw,↗ ↖ ↙ ↓ ← + LW,99.54067321178121,2.357159553863614
structured,isolated_pitch,pitch_directed,cel8_174,↘ ↖ ↙ ↓ ←,98.32694683764109,1.143433179723502
structured,isolated_pitch,pitch_directed,cel8_174_lw,↘ ↖ ↙ ↓ ← + LW,99.62131837307153,2.4378047151539377
structured,isolated_pitch,pitch_directed,cel8_175,↗ ↘ ↖ ↙ ↓ ←,97.62130167635075,0.4377880184331773
structured,isolated_pitch,pitch_directed,cel8_175_lw,↗ ↘ ↖ ↙ ↓ ← + LW,99.54067321178121,2.357159553863614
structured,isolated_pitch,pitch_directed,cel8_176,↑ ↓ ←,99.37400654511454,2.1904928871969487
structured,isolated_pitch,pitch_directed,cel8_176_lw,↑ ↓ ← + LW,99.72463768115942,2.5411240232418306
structured,isolated_pitch,pitch_directed,cel8_177,↗ ↑ ↓ ←,97.88915881920789,0.705645161290322
structured,isolated_pitch,pitch_directed,cel8_177_lw,↗ ↑ ↓ ← + LW,99.89130434782608,2.707790689908496
structured,isolated_pitch,pitch_directed,cel8_178,↘ ↑ ↓ ←,99.46002805049088,2.2765143925732922
structured,isolated_pitch,pitch_directed,cel8_178_lw,↘ ↑ ↓ ← + LW,99.89130434782608,2.707790689908496
structured,isolated_pitch,pitch_directed,cel8_179,↗ ↘ ↑ ↓ ←,98.06773024777934,0.8842165898617527
structured,isolated_pitch,pitch_directed,cel8_179_lw,↗ ↘ ↑ ↓ ← + LW,99.81065918653576,2.6271455286181746
structured,isolated_pitch,pitch_directed,cel8_180,↖ ↑ ↓ ←,97.88915881920789,0.705645161290322
structured,isolated_pitch,pitch_directed,cel8_180_lw,↖ ↑ ↓ ← + LW,99.70196353436185,2.518449876444262
structured,isolated_pitch,pitch_directed,cel8_181,↗ ↖ ↑ ↓ ←,97.35344453349362,0.16993087557603814
structured,isolated_pitch,pitch_directed,cel8_181_lw,↗ ↖ ↑ ↓ ← + LW,99.62131837307153,2.4378047151539377
structured,isolated_pitch,pitch_directed,cel8_182,↘ ↖ ↑ ↓ ←,97.96980398049823,0.7862903225806461
structured,isolated_pitch,pitch_directed,cel8_182_lw,↘ ↖ ↑ ↓ ← + LW,99.62131837307153,2.4378047151539377
structured,isolated_pitch,pitch_directed,cel8_183,↗ ↘ ↖ ↑ ↓ ←,97.53201596206505,0.3485023041474661
structured,isolated_pitch,pitch_directed,cel8_183_lw,↗ ↘ ↖ ↑ ↓ ← + LW,99.62131837307153,2.4378047151539377
structured,isolated_pitch,pitch_directed,cel8_184,↙ ↑ ↓ ←,99.46002805049088,2.2765143925732922
structured,isolated_pitch,pitch_directed,cel8_184_lw,↙ ↑ ↓ ← + LW,99.78260869565217,2.5990950377345836
structured,isolated_pitch,pitch_directed,cel8_185,↗ ↙ ↑ ↓ ←,97.97844453349363,0.7949308755760359
structured,isolated_pitch,pitch_directed,cel8_185_lw,↗ ↙ ↑ ↓ ← + LW,99.70196353436185,2.518449876444262
structured,isolated_pitch,pitch_directed,cel8_186,↘ ↙ ↑ ↓ ←,99.46002805049088,2.2765143925732922
structured,isolated_pitch,pitch_directed,cel8_186_lw,↘ ↙ ↑ ↓ ← + LW,99.70196353436185,2.518449876444262
structured,isolated_pitch,pitch_directed,cel8_187,↗ ↘ ↙ ↑ ↓ ←,98.15701596206506,0.9735023041474639
structured,isolated_pitch,pitch_directed,cel8_187_lw,↗ ↘ ↙ ↑ ↓ ← + LW,99.70196353436185,2.518449876444262
structured,isolated_pitch,pitch_directed,cel8_188,↖ ↙ ↑ ↓ ←,97.96980398049823,0.7862903225806461
structured,isolated_pitch,pitch_directed,cel8_188_lw,↖ ↙ ↑ ↓ ← + LW,99.62131837307153,2.4378047151539377
structured,isolated_pitch,pitch_directed,cel8_189,↗ ↖ ↙ ↑ ↓ ←,97.53201596206505,0.3485023041474661
structured,isolated_pitch,pitch_directed,cel8_189_lw,↗ ↖ ↙ ↑ ↓ ← + LW,99.54067321178121,2.357159553863614
structured,isolated_pitch,pitch_directed,cel8_190,↘ ↖ ↙ ↑ ↓ ←,98.05908969478394,0.8755760368663629
structured,isolated_pitch,pitch_directed,cel8_190_lw,↘ ↖ ↙ ↑ ↓ ← + LW,99.62131837307153,2.4378047151539377
structured,isolated_pitch,pitch_directed,cel8_191,↗ ↘ ↖ ↙ ↑ ↓ ←,97.62130167635075,0.4377880184331773
structured,isolated_pitch,pitch_directed,cel8_191_lw,↗ ↘ ↖ ↙ ↑ ↓ ← + LW,99.62131837307153,2.4378047151539377
structured,isolated_pitch,pitch_directed,cel8_192,→ ←,93.28826888399118,-3.895244773926401
structured,isolated_pitch,pitch_directed,cel8_192_lw,→ ← + LW,95.01332398316971,-2.1701896747478826
structured,isolated_pitch,pitch_directed,cel8_193,↗ → ←,98.11110832832432,0.9275946704067339
structured,isolated_pitch,pitch_directed,cel8_193_lw,↗ → ← + LW,98.74246873539036,1.558955077472779
structured,isolated_pitch,pitch_directed,cel8_194,↘ → ←,96.04556743805517,-1.1379462198624206
structured,isolated_pitch,pitch_directed,cel8_194_lw,↘ → ← + LW,97.9292893875643,0.7457757296466971
structured,isolated_pitch,pitch_directed,cel8_195,↗ ↘ → ←,98.21980398049823,1.0362903225806464
structured,isolated_pitch,pitch_directed,cel8_195_lw,↗ ↘ → ← + LW,99.6439925198691,2.4604788619515094
structured,isolated_pitch,pitch_directed,cel8_196,↖ → ←,97.76089461029855,0.5773809523809542
structured,isolated_pitch,pitch_directed,cel8_196_lw,↖ → ← + LW,98.97296487844788,1.7894512205302804
structured,isolated_pitch,pitch_directed,cel8_197,↗ ↖ → ←,97.45137080077473,0.2678571428571447
structured,isolated_pitch,pitch_directed,cel8_197_lw,↗ ↖ → ← + LW,99.54067321178121,2.357159553863614
structured,isolated_pitch,pitch_directed,cel8_198,↘ ↖ → ←,98.46540439457692,1.281890736659319
structured,isolated_pitch,pitch_directed,cel8_198_lw,↘ ↖ → ← + LW,99.62131837307153,2.4378047151539377
structured,isolated_pitch,pitch_directed,cel8_199,↗ ↘ ↖ → ←,97.88915881920789,0.705645161290322
structured,isolated_pitch,pitch_directed,cel8_199_lw,↗ ↘ ↖ → ← + LW,99.62131837307153,2.4378047151539377
structured,isolated_pitch,pitch_directed,cel8_200,↙ → ←,96.2323880902291,-0.9511255676885044
structured,isolated_pitch,pitch_directed,cel8_200_lw,↙ → ← + LW,98.37853553062178,1.195021872704194
structured,isolated_pitch,pitch_directed,cel8_201,↗ ↙ → ←,98.4757563614506,1.2922427035330282
structured,isolated_pitch,pitch_directed,cel8_201_lw,↗ ↙ → ← + LW,99.70196353436185,2.518449876444262
structured,isolated_pitch,pitch_directed,cel8_202,↘ ↙ → ←,98.10065305049088,0.9171393925732935
structured,isolated_pitch,pitch_directed,cel8_202_lw,↘ ↙ → ← + LW,99.83870967741936,2.6551960195017656
structured,isolated_pitch,pitch_directed,cel8_203,↗ ↘ ↙ → ←,98.68408969478394,1.5005760368663579
structured,isolated_pitch,pitch_directed,cel8_203_lw,↗ ↘ ↙ → ← + LW,99.62131837307153,2.4378047151539377
structured,isolated_pitch,pitch_directed,cel8_204,↖ ↙ → ←,98.35670874240299,1.1731950844854095
structured,isolated_pitch,pitch_directed,cel8_204_lw,↖ ↙ → ← + LW,99.62131837307153,2.4378047151539377
structured,isolated_pitch,pitch_directed,cel8_205,↗ ↖ ↙ → ←,97.7998731049222,0.616359447004608
structured,isolated_pitch,pitch_directed,cel8_205_lw,↗ ↖ ↙ → ← + LW,99.62131837307153,2.4378047151539377
structured,isolated_pitch,pitch_directed,cel8_206,↘ ↖ ↙ → ←,98.66509717491485,1.481583516997262
structured,isolated_pitch,pitch_directed,cel8_206_lw,↘ ↖ ↙ → ← + LW,99.62131837307153,2.4378047151539377
structured,isolated_pitch,pitch_directed,cel8_207,↗ ↘ ↖ ↙ → ←,97.88915881920789,0.705645161290322
structured,isolated_pitch,pitch_directed,cel8_207_lw,↗ ↘ ↖ ↙ → ← + LW,99.62131837307153,2.4378047151539377
structured,isolated_pitch,pitch_directed,cel8_208,↑ → ←,98.82328190743338,1.639768249515794
structured,isolated_pitch,pitch_directed,cel8_208_lw,↑ → ← + LW,96.35133239831697,-0.8321812596006145
structured,isolated_pitch,pitch_directed,cel8_209,↗ ↑ → ←,98.17813731383156,0.9946236559139815
structured,isolated_pitch,pitch_directed,cel8_209_lw,↗ ↑ → ← + LW,99.83333333333333,2.649819675415746
structured,isolated_pitch,pitch_directed,cel8_210,↘ ↑ → ←,99.2879850397382,2.104471381820605
structured,isolated_pitch,pitch_directed,cel8_210_lw,↘ ↑ → ← + LW,99.6439925198691,2.4604788619515094
structured,isolated_pitch,pitch_directed,cel8_211,↗ ↘ ↑ → ←,98.3864706471649,1.2029569892473113
structured,isolated_pitch,pitch_directed,cel8_211_lw,↗ ↘ ↑ → ← + LW,99.89130434782608,2.707790689908496
structured,isolated_pitch,pitch_directed,cel8_212,↖ ↑ → ←,97.96980398049823,0.7862903225806461
structured,isolated_pitch,pitch_directed,cel8_212_lw,↖ ↑ → ← + LW,99.6159420289855,2.4324283710679184
structured,isolated_pitch,pitch_directed,cel8_213,↗ ↖ ↑ → ←,97.62130167635075,0.4377880184331773
structured,isolated_pitch,pitch_directed,cel8_213_lw,↗ ↖ ↑ → ← + LW,99.70196353436185,2.518449876444262
structured,isolated_pitch,pitch_directed,cel8_214,↘ ↖ ↑ → ←,98.17813731383156,0.9946236559139815
structured,isolated_pitch,pitch_directed,cel8_214_lw,↘ ↖ ↑ → ← + LW,99.78260869565217,2.5990950377345836
structured,isolated_pitch,pitch_directed,cel8_215,↗ ↘ ↖ ↑ → ←,97.88915881920789,0.705645161290322
structured,isolated_pitch,pitch_directed,cel8_215_lw,↗ ↘ ↖ ↑ → ← + LW,99.70196353436185,2.518449876444262
structured,isolated_pitch,pitch_directed,cel8_216,↙ ↑ → ←,99.20733987844787,2.023826220530281
structured,isolated_pitch,pitch_directed,cel8_216_lw,↙ ↑ → ← + LW,99.83333333333333,2.649819675415746
structured,isolated_pitch,pitch_directed,cel8_217,↗ ↙ ↑ → ←,98.3864706471649,1.2029569892473113
structured,isolated_pitch,pitch_directed,cel8_217_lw,↗ ↙ ↑ → ← + LW,99.78260869565217,2.5990950377345836
structured,isolated_pitch,pitch_directed,cel8_218,↘ ↙ ↑ → ←,99.54067321178121,2.357159553863614
structured,isolated_pitch,pitch_directed,cel8_218_lw,↘ ↙ ↑ → ← + LW,100.0,2.816486342082411
structured,isolated_pitch,pitch_directed,cel8_219,↗ ↘ ↙ ↑ → ←,98.56504207573632,1.3815284178187393
structured,isolated_pitch,pitch_directed,cel8_219_lw,↗ ↘ ↙ ↑ → ← + LW,99.70196353436185,2.518449876444262
structured,isolated_pitch,pitch_directed,cel8_220,↖ ↙ ↑ → ←,97.96980398049823,0.7862903225806461
structured,isolated_pitch,pitch_directed,cel8_220_lw,↖ ↙ ↑ → ← + LW,99.62131837307153,2.4378047151539377
structured,isolated_pitch,pitch_directed,cel8_221,↗ ↖ ↙ ↑ → ←,97.88915881920789,0.705645161290322
structured,isolated_pitch,pitch_directed,cel8_221_lw,↗ ↖ ↙ ↑ → ← + LW,99.62131837307153,2.4378047151539377
structured,isolated_pitch,pitch_directed,cel8_222,↘ ↖ ↙ ↑ → ←,98.35670874240299,1.1731950844854095
structured,isolated_pitch,pitch_directed,cel8_222_lw,↘ ↖ ↙ ↑ → ← + LW,99.62131837307153,2.4378047151539377
structured,isolated_pitch,pitch_directed,cel8_223,↗ ↘ ↖ ↙ ↑ → ←,97.88915881920789,0.705645161290322
structured,isolated_pitch,pitch_directed,cel8_223_lw,↗ ↘ ↖ ↙ ↑ → ← + LW,99.62131837307153,2.4378047151539377
structured,isolated_pitch,pitch_directed,cel8_224,↓ → ←,95.39200561009818,-1.7915080478194096
structured,isolated_pitch,pitch_directed,cel8_224_lw,↓ → ← + LW,96.1846657316503,-0.9988479262672795
structured,isolated_pitch,pitch_directed,cel8_225,↗ ↓ → ←,98.30908969478396,1.125576036866363
structured,isolated_pitch,pitch_directed,cel8_225_lw,↗ ↓ → ← + LW,99.72463768115942,2.5411240232418306
structured,isolated_pitch,pitch_directed,cel8_226,↘ ↓ → ←,96.80312792192613,-0.38038573599145087
structured,isolated_pitch,pitch_directed,cel8_226_lw,↘ ↓ → ← + LW,99.6439925198691,2.4604788619515094
structured,isolated_pitch,pitch_directed,cel8_227,↗ ↘ ↓ → ←,98.68408969478394,1.5005760368663579
structured,isolated_pitch,pitch_directed,cel8_227_lw,↗ ↘ ↓ → ← + LW,99.81065918653576,2.6271455286181746
structured,isolated_pitch,pitch_directed,cel8_228,↖ ↓ → ←,98.35670874240299,1.1731950844854095
structured,isolated_pitch,pitch_directed,cel8_228_lw,↖ ↓ → ← + LW,99.45465170640486,2.271138048487273
structured,isolated_pitch,pitch_directed,cel8_229,↗ ↖ ↓ → ←,97.88915881920789,0.705645161290322
structured,isolated_pitch,pitch_directed,cel8_229_lw,↗ ↖ ↓ → ← + LW,99.62131837307153,2.4378047151539377
structured,isolated_pitch,pitch_directed,cel8_230,↘ ↖ ↓ → ←,98.66509717491485,1.481583516997262
structured,isolated_pitch,pitch_directed,cel8_230_lw,↘ ↖ ↓ → ← + LW,99.62131837307153,2.4378047151539377
structured,isolated_pitch,pitch_directed,cel8_231,↗ ↘ ↖ ↓ → ←,97.88915881920789,0.705645161290322
structured,isolated_pitch,pitch_directed,cel8_231_lw,↗ ↘ ↖ ↓ → ← + LW,99.62131837307153,2.4378047151539377
structured,isolated_pitch,pitch_directed,cel8_232,↙ ↓ → ←,97.028583742403,-0.15492991551459556
structured,isolated_pitch,pitch_directed,cel8_232_lw,↙ ↓ → ← + LW,99.75268817204301,2.5691745141254247
structured,isolated_pitch,pitch_directed,cel8_233,↗ ↙ ↓ → ←,98.56504207573632,1.3815284178187393
structured,isolated_pitch,pitch_directed,cel8_233_lw,↗ ↙ ↓ → ← + LW,99.70196353436185,2.518449876444262
structured,isolated_pitch,pitch_directed,cel8_234,↘ ↙ ↓ → ←,98.57192321178121,1.3884095538636148
structured,isolated_pitch,pitch_directed,cel8_234_lw,↘ ↙ ↓ → ← + LW,99.83870967741936,2.6551960195017656
structured,isolated_pitch,pitch_directed,cel8_235,↗ ↘ ↙ ↓ → ←,98.85402057035998,1.6705069124423932
structured,isolated_pitch,pitch_directed,cel8_235_lw,↗ ↘ ↙ ↓ → ← + LW,99.62131837307153,2.4378047151539377
structured,isolated_pitch,pitch_directed,cel8_236,↖ ↙ ↓ → ←,98.4459944566887,1.2624807987711206
structured,isolated_pitch,pitch_directed,cel8_236_lw,↖ ↙ ↓ → ← + LW,99.62131837307153,2.4378047151539377
structured,isolated_pitch,pitch_directed,cel8_237,↗ ↖ ↙ ↓ → ←,97.88915881920789,0.705645161290322
structured,isolated_pitch,pitch_directed,cel8_237_lw,↗ ↖ ↙ ↓ → ← + LW,99.62131837307153,2.4378047151539377
structured,isolated_pitch,pitch_directed,cel8_238,↘ ↖ ↙ ↓ → ←,99.01359947906232,1.830085821144725
structured,isolated_pitch,pitch_directed,cel8_238_lw,↘ ↖ ↙ ↓ → ← + LW,99.62131837307153,2.4378047151539377
structured,isolated_pitch,pitch_directed,cel8_239,↗ ↘ ↖ ↙ ↓ → ←,97.96980398049823,0.7862903225806461
structured,isolated_pitch,pitch_directed,cel8_239_lw,↗ ↘ ↖ ↙ ↓ → ← + LW,99.62131837307153,2.4378047151539377
structured,isolated_pitch,pitch_directed,cel8_240,↑ ↓ → ←,99.01262272089762,1.8291090629800304
structured,isolated_pitch,pitch_directed,cel8_240_lw,↑ ↓ → ← + LW,98.80881837307153,1.6253047151539386
structured,isolated_pitch,pitch_directed,cel8_241,↗ ↑ ↓ → ←,98.3864706471649,1.2029569892473113
structured,isolated_pitch,pitch_directed,cel8_241_lw,↗ ↑ ↓ → ← + LW,99.72463768115942,2.5411240232418306
structured,isolated_pitch,pitch_directed,cel8_242,↘ ↑ ↓ → ←,99.20733987844787,2.023826220530281
structured,isolated_pitch,pitch_directed,cel8_242_lw,↘ ↑ ↓ → ← + LW,99.83333333333333,2.649819675415746
structured,isolated_pitch,pitch_directed,cel8_243,↗ ↘ ↑ ↓ → ←,98.56504207573632,1.3815284178187393
structured,isolated_pitch,pitch_directed,cel8_243_lw,↗ ↘ ↑ ↓ → ← + LW,99.89130434782608,2.707790689908496
structured,isolated_pitch,pitch_directed,cel8_244,↖ ↑ ↓ → ←,98.23766112335537,1.054147465437791
structured,isolated_pitch,pitch_directed,cel8_244_lw,↖ ↑ ↓ → ← + LW,99.78260869565217,2.5990950377345836
structured,isolated_pitch,pitch_directed,cel8_245,↗ ↖ ↑ ↓ → ←,97.88915881920789,0.705645161290322
structured,isolated_pitch,pitch_directed,cel8_245_lw,↗ ↖ ↑ ↓ → ← + LW,99.70196353436185,2.518449876444262
structured,isolated_pitch,pitch_directed,cel8_246,↘ ↖ ↑ ↓ → ←,98.43735390369332,1.2538402457757336
structured,isolated_pitch,pitch_directed,cel8_246_lw,↘ ↖ ↑ ↓ → ← + LW,99.78260869565217,2.5990950377345836
structured,isolated_pitch,pitch_directed,cel8_247,↗ ↘ ↖ ↑ ↓ → ←,97.96980398049823,0.7862903225806461
structured,isolated_pitch,pitch_directed,cel8_247_lw,↗ ↘ ↖ ↑ ↓ → ← + LW,99.70196353436185,2.518449876444262
structured,isolated_pitch,pitch_directed,cel8_248,↙ ↑ ↓ → ←,99.54067321178121,2.357159553863614
structured,isolated_pitch,pitch_directed,cel8_248_lw,↙ ↑ ↓ → ← + LW,100.0,2.816486342082411
structured,isolated_pitch,pitch_directed,cel8_249,↗ ↙ ↑ ↓ → ←,98.56504207573632,1.3815284178187393
structured,isolated_pitch,pitch_directed,cel8_249_lw,↗ ↙ ↑ ↓ → ← + LW,99.78260869565217,2.5990950377345836
structured,isolated_pitch,pitch_directed,cel8_250,↘ ↙ ↑ ↓ → ←,99.54067321178121,2.357159553863614
structured,isolated_pitch,pitch_directed,cel8_250_lw,↘ ↙ ↑ ↓ → ← + LW,100.0,2.816486342082411
structured,isolated_pitch,pitch_directed,cel8_251,↗ ↘ ↙ ↑ ↓ → ←,98.73497295131236,1.5514592933947746
structured,isolated_pitch,pitch_directed,cel8_251_lw,↗ ↘ ↙ ↑ ↓ → ← + LW,99.70196353436185,2.518449876444262
structured,isolated_pitch,pitch_directed,cel8_252,↖ ↙ ↑ ↓ → ←,98.32694683764109,1.143433179723502
structured,isolated_pitch,pitch_directed,cel8_252_lw,↖ ↙ ↑ ↓ → ← + LW,99.62131837307153,2.4378047151539377
structured,isolated_pitch,pitch_directed,cel8_253,↗ ↖ ↙ ↑ ↓ → ←,97.88915881920789,0.705645161290322
structured,isolated_pitch,pitch_directed,cel8_253_lw,↗ ↖ ↙ ↑ ↓ → ← + LW,99.62131837307153,2.4378047151539377
structured,isolated_pitch,pitch_directed,cel8_254,↘ ↖ ↙ ↑ ↓ → ←,98.69657049355507,1.5130568356374803
structured,isolated_pitch,pitch_directed,cel8_254_lw,↘ ↖ ↙ ↑ ↓ → ← + LW,99.62131837307153,2.4378047151539377
structured,isolated_pitch,pitch_directed,cel8_255,↗ ↘ ↖ ↙ ↑ ↓ → ←,97.96980398049823,0.7862903225806461
structured,isolated_pitch,pitch_directed,cel8_255_lw,↗ ↘ ↖ ↙ ↑ ↓ → ← + LW,99.62131837307153,2.4378047151539377
structured,isolated_timing,onset_directed,cel8_001,↗,89.33730715287517,-0.32608695652174
structured,isolated_timing,onset_directed,cel8_001_lw,↗ + LW,92.27407667134176,2.61068256194483
structured,isolated_timing,onset_directed,cel8_002,↘,90.05075803112268,0.3873639217257696
structured,isolated_timing,onset_directed,cel8_002_lw,↘ + LW,92.0290189006879,2.365624791290993
structured,isolated_timing,onset_directed,cel8_003,↗ ↘,89.80742002270755,0.14402591331062753
structured,isolated_timing,onset_directed,cel8_003_lw,↗ ↘ + LW,92.83309957924263,3.1697054698457183
structured,isolated_timing,onset_directed,cel8_004,↖,85.01776531089294,-4.645628798503973
structured,isolated_timing,onset_directed,cel8_004_lw,↖ + LW,81.41272624056636,-8.250667868830558
structured,isolated_timing,onset_directed,cel8_005,↗ ↖,87.98690977092099,-1.6764843384759227
structured,isolated_timing,onset_directed,cel8_005_lw,↗ ↖ + LW,88.06685366993922,-1.5965404394576943
structured,isolated_timing,onset_directed,cel8_006,↘ ↖,87.04604955586723,-2.617344553529688
structured,isolated_timing,onset_directed,cel8_006_lw,↘ ↖ + LW,88.26799906498364,-1.3953950444132779
structured,isolated_timing,onset_directed,cel8_007,↗ ↘ ↖,89.55645161290322,-0.10694249649368937
structured,isolated_timing,onset_directed,cel8_007_lw,↗ ↘ ↖ + LW,90.38686302010285,0.7234689107059294
structured,isolated_timing,onset_directed,cel8_008,↙,86.00070126227209,-3.6626928471248323
structured,isolated_timing,onset_directed,cel8_008_lw,↙ + LW,88.51975222066386,-1.1436418887330575
structured,isolated_timing,onset_directed,cel8_009,↗ ↙,90.24392239364188,0.5805282842449716
structured,isolated_timing,onset_directed,cel8_009_lw,↗ ↙ + LW,92.28681626928471,2.623422159887798
structured,isolated_timing,onset_directed,cel8_010,↘ ↙,91.22101449275362,1.5576203833567086
structured,isolated_timing,onset_directed,cel8_010_lw,↘ ↙ + LW,92.08870967741936,2.42531556802244
structured,isolated_timing,onset_directed,cel8_011,↗ ↘ ↙,91.25222066386162,1.5888265544646978
structured,isolated_timing,onset_directed,cel8_011_lw,↗ ↘ ↙ + LW,92.3252688172043,2.661874707807388
structured,isolated_timing,onset_directed,cel8_012,↖ ↙,86.05247779336138,-3.610916316035531
structured,isolated_timing,onset_directed,cel8_012_lw,↖ ↙ + LW,85.75572697522207,-3.90766713417485
structured,isolated_timing,onset_directed,cel8_013,↗ ↖ ↙,88.20582047685835,-1.4575736325385724
structured,isolated_timing,onset_directed,cel8_013_lw,↗ ↖ ↙ + LW,88.64364188873306,-1.019752220663861
structured,isolated_timing,onset_directed,cel8_014,↘ ↖ ↙,87.87050023375409,-1.792893875642823
structured,isolated_timing,onset_directed,cel8_014_lw,↘ ↖ ↙ + LW,88.18244506778868,-1.4809490416082345
structured,isolated_timing,onset_directed,cel8_015,↗ ↘ ↖ ↙,89.66339410939692,0.0
structured,isolated_timing,onset_directed,cel8_015_lw,↗ ↘ ↖ ↙ + LW,90.427185600748,0.7637914913510957
structured,isolated_timing,onset_directed,cel8_016,↑,91.26627930274493,1.6028851933480222
structured,isolated_timing,onset_directed,cel8_016_lw,↑ + LW,89.80239430975756,0.13900020036065053
structured,isolated_timing,onset_directed,cel8_017,↗ ↑,91.23445535296868,1.5710612435717586
structured,isolated_timing,onset_directed,cel8_017_lw,↗ ↑ + LW,92.5464335804448,2.8830394710478906
structured,isolated_timing,onset_directed,cel8_018,↘ ↑,93.87906565150604,4.215671542109126
structured,isolated_timing,onset_directed,cel8_018_lw,↘ ↑ + LW,93.72665798437187,4.063263874974957
structured,isolated_timing,onset_directed,cel8_019,↗ ↘ ↑,91.98028117277767,2.3168870633807543
structured,isolated_timing,onset_directed,cel8_019_lw,↗ ↘ ↑ + LW,93.17394643691979,3.5105523275228783
structured,isolated_timing,onset_directed,cel8_020,↖ ↑,87.92157550257129,-1.741818606825618
structured,isolated_timing,onset_directed,cel8_020_lw,↖ ↑ + LW,84.81778868630201,-4.845605423094907
structured,isolated_timing,onset_directed,cel8_021,↗ ↖ ↑,89.07760635811127,-0.5857877512856463
structured,isolated_timing,onset_directed,cel8_021_lw,↗ ↖ ↑ + LW,88.85951379149134,-0.8038803179055726
structured,isolated_timing,onset_directed,cel8_022,↘ ↖ ↑,90.12061711079944,0.4572230014025236
structured,isolated_timing,onset_directed,cel8_022_lw,↘ ↖ ↑ + LW,89.68525011687706,0.021856007480133832
structured,isolated_timing,onset_directed,cel8_023,↗ ↘ ↖ ↑,90.32608695652175,0.6626928471248239
structured,isolated_timing,onset_directed,cel8_023_lw,↗ ↘ ↖ ↑ + LW,91.49520804114071,1.8318139317438003
structured,isolated_timing,onset_directed,cel8_024,↙ ↑,91.5298036465638,1.8664095371668994
structured,isolated_timing,onset_directed,cel8_024_lw,↙ ↑ + LW,91.96972884525479,2.306334735857879
structured,isolated_timing,onset_directed,cel8_025,↗ ↙ ↑,91.94985974754559,2.2864656381486714
structured,isolated_timing,onset_directed,cel8_025_lw,↗ ↙ ↑ + LW,92.81451612903227,3.151122019635344
structured,isolated_timing,onset_directed,cel8_026,↘ ↙ ↑,93.13207106124356,3.468676951846655
structured,isolated_timing,onset_directed,cel8_026_lw,↘ ↙ ↑ + LW,92.65673211781207,2.9933380084151446
structured,isolated_timing,onset_directed,cel8_027,↗ ↘ ↙ ↑,92.91280972417017,3.24941561477326
structured,isolated_timing,onset_directed,cel8_027_lw,↗ ↘ ↙ ↑ + LW,93.03190743338008,3.3685133239831715
structured,isolated_timing,onset_directed,cel8_028,↖ ↙ ↑,88.32316503038803,-1.340229079008881
structured,isolated_timing,onset_directed,cel8_028_lw,↖ ↙ ↑ + LW,87.11863020102852,-2.544763908368397
structured,isolated_timing,onset_directed,cel8_029,↗ ↖ ↙ ↑,89.5384525479196,-0.12494156147732638
structured,isolated_timing,onset_directed,cel8_029_lw,↗ ↖ ↙ ↑ + LW,89.32398316970547,-0.3394109396914424
structured,isolated_timing,onset_directed,cel8_030,↘ ↖ ↙ ↑,90.25572697522207,0.5923328658251487
structured,isolated_timing,onset_directed,cel8_030_lw,↘ ↖ ↙ ↑ + LW,89.47475455820478,-0.1886395511921546
structured,isolated_timing,onset_directed,cel8_031,↗ ↘ ↖ ↙ ↑,90.62237026647966,0.9589761570827499
structured,isolated_timing,onset_directed,cel8_031_lw,↗ ↘ ↖ ↙ ↑ + LW,91.1428237494156,1.4794296400186924
structured,isolated_timing,onset_directed,cel8_032,↓,81.90629800307221,-7.757096106324712
structured,isolated_timing,onset_directed,cel8_032_lw,↓ + LW,86.99126761504041,-2.6721264943565135
structured,isolated_timing,onset_directed,cel8_033,↗ ↓,89.46715755025714,-0.1962365591397841
structured,isolated_timing,onset_directed,cel8_033_lw,↗ ↓ + LW,92.67277766646632,3.0093835570693894
structured,isolated_timing,onset_directed,cel8_034,↘ ↓,90.81922460428771,1.1558304948908027
structured,isolated_timing,onset_directed,cel8_034_lw,↘ ↓ + LW,93.37065050424097,3.7072563948440553
structured,isolated_timing,onset_directed,cel8_035,↗ ↘ ↓,90.31782207974355,0.6544279703466271
structured,isolated_timing,onset_directed,cel8_035_lw,↗ ↘ ↓ + LW,93.5529786949843,3.889584585587391
structured,isolated_timing,onset_directed,cel8_036,↖ ↓,85.27395979429639,-4.389434315100512
structured,isolated_timing,onset_directed,cel8_036_lw,↖ ↓ + LW,85.23679289387564,-4.426601215521273
structured,isolated_timing,onset_directed,cel8_037,↗ ↖ ↓,88.56568489948575,-1.097709209911174
structured,isolated_timing,onset_directed,cel8_037_lw,↗ ↖ ↓ + LW,89.03295932678822,-0.6304347826086965
structured,isolated_timing,onset_directed,cel8_038,↘ ↖ ↓,87.46891070593735,-2.1944834034595626
structured,isolated_timing,onset_directed,cel8_038_lw,↘ ↖ ↓ + LW,90.24824684431978,0.584852734922861
structured,isolated_timing,onset_directed,cel8_039,↗ ↘ ↖ ↓,89.65825151940159,-0.00514258999532724
structured,isolated_timing,onset_directed,cel8_039_lw,↗ ↘ ↖ ↓ + LW,91.6672510518934,2.0038569424964874
structured,isolated_timing,onset_directed,cel8_040,↙ ↓,89.42204301075269,-0.24135109864422688
structured,isolated_timing,onset_directed,cel8_040_lw,↙ ↓ + LW,92.08707339878448,2.423679289387562
structured,isolated_timing,onset_directed,cel8_041,↗ ↙ ↓,90.88569424964938,1.2223001402524525
structured,isolated_timing,onset_directed,cel8_041_lw,↗ ↙ ↓ + LW,93.06182795698925,3.3984338475923304
structured,isolated_timing,onset_directed,cel8_042,↘ ↙ ↓,92.28354371201496,2.620149602618044
structured,isolated_timing,onset_directed,cel8_042_lw,↘ ↙ ↓ + LW,93.26005142589996,3.5966573165030353
structured,isolated_timing,onset_directed,cel8_043,↗ ↘ ↙ ↓,91.46961196820945,1.8062178588125337
structured,isolated_timing,onset_directed,cel8_043_lw,↗ ↘ ↙ ↓ + LW,93.1125525946704,3.449158485273493
structured,isolated_timing,onset_directed,cel8_044,↖ ↙ ↓,86.71879382889202,-2.944600280504908
structured,isolated_timing,onset_directed,cel8_044_lw,↖ ↙ ↓ + LW,87.36559139784947,-2.29780271154745
structured,isolated_timing,onset_directed,cel8_045,↗ ↖ ↙ ↓,88.59712482468444,-1.0662692847124817
structured,isolated_timing,onset_directed,cel8_045_lw,↗ ↖ ↙ ↓ + LW,89.66947171575502,0.006077606358109722
structured,isolated_timing,onset_directed,cel8_046,↘ ↖ ↙ ↓,88.68080878915382,-0.9825853202431067
structured,isolated_timing,onset_directed,cel8_046_lw,↘ ↖ ↙ ↓ + LW,90.23246844319776,0.5690743338008425
structured,isolated_timing,onset_directed,cel8_047,↗ ↘ ↖ ↙ ↓,89.57047685834502,-0.09291725105189108
structured,isolated_timing,onset_directed,cel8_047_lw,↗ ↘ ↖ ↙ ↓ + LW,91.43221131369799,1.7688172043010764
structured,isolated_timing,onset_directed,cel8_048,↑ ↓,89.20234755893944,-0.461046550457489
structured,isolated_timing,onset_directed,cel8_048_lw,↑ ↓ + LW,89.8651572831096,0.20176317371268793
structured,isolated_timing,onset_directed,cel8_049,↗ ↑ ↓,90.78287584318441,1.1194817337874863
structured,isolated_timing,onset_directed,cel8_049_lw,↗ ↑ ↓ + LW,92.81490015360983,3.1515060442129124
structured,isolated_timing,onset_directed,cel8_050,↘ ↑ ↓,93.4196219862419,3.7562278768449837
structured,isolated_timing,onset_directed,cel8_050_lw,↘ ↑ ↓ + LW,93.94404928871968,4.280655179322778
structured,isolated_timing,onset_directed,cel8_051,↗ ↘ ↑ ↓,91.96298337006613,2.2995892606692045
structured,isolated_timing,onset_directed,cel8_051_lw,↗ ↘ ↑ ↓ + LW,93.8002905229413,4.136896413544383
structured,isolated_timing,onset_directed,cel8_052,↖ ↑ ↓,88.06404862085087,-1.59934548854605
structured,isolated_timing,onset_directed,cel8_052_lw,↖ ↑ ↓ + LW,86.46972884525479,-3.193665264142126
structured,isolated_timing,onset_directed,cel8_053,↗ ↖ ↑ ↓,89.1916783543712,-0.4717157550257145
structured,isolated_timing,onset_directed,cel8_053_lw,↗ ↖ ↑ ↓ + LW,90.31884057971014,0.6554464703132284
structured,isolated_timing,onset_directed,cel8_054,↘ ↖ ↑ ↓,90.48375409069659,0.8203599812996704
structured,isolated_timing,onset_directed,cel8_054_lw,↘ ↖ ↑ ↓ + LW,90.78494623655915,1.121552127162223
structured,isolated_timing,onset_directed,cel8_055,↗ ↘ ↖ ↑ ↓,90.25081813931745,0.5874240299205191
structured,isolated_timing,onset_directed,cel8_055_lw,↗ ↘ ↖ ↑ ↓ + LW,91.90918653576438,2.245792426367457
structured,isolated_timing,onset_directed,cel8_056,↙ ↑ ↓,91.85366993922395,2.1902758298270264
structured,isolated_timing,onset_directed,cel8_056_lw,↙ ↑ ↓ + LW,92.49742870500235,2.834034595605428
structured,isolated_timing,onset_directed,cel8_057,↗ ↙ ↑ ↓,91.89223936418888,2.2288452547919584
structured,isolated_timing,onset_directed,cel8_057_lw,↗ ↙ ↑ ↓ + LW,93.54195885928004,3.8785647498831204
structured,isolated_timing,onset_directed,cel8_058,↘ ↙ ↑ ↓,92.82854137447404,3.165147265077137
structured,isolated_timing,onset_directed,cel8_058_lw,↘ ↙ ↑ ↓ + LW,93.10378681626928,3.4403927068723665
structured,isolated_timing,onset_directed,cel8_059,↗ ↘ ↙ ↑ ↓,92.77092099111735,3.1075268817204265
structured,isolated_timing,onset_directed,cel8_059_lw,↗ ↘ ↙ ↑ ↓ + LW,93.5070126227209,3.8436185133239817
structured,isolated_timing,onset_directed,cel8_060,↖ ↙ ↑ ↓,89.00198690977092,-0.6614071996259935
structured,isolated_timing,onset_directed,cel8_060_lw,↖ ↙ ↑ ↓ + LW,88.1636278634876,-1.499766245909309
structured,isolated_timing,onset_directed,cel8_061,↗ ↖ ↙ ↑ ↓,89.55610098176719,-0.1072931276297373
structured,isolated_timing,onset_directed,cel8_061_lw,↗ ↖ ↙ ↑ ↓ + LW,90.75514258999532,1.0917484805984063
structured,isolated_timing,onset_directed,cel8_062,↘ ↖ ↙ ↑ ↓,90.78202431042543,1.1186302010285143
structured,isolated_timing,onset_directed,cel8_062_lw,↘ ↖ ↙ ↑ ↓ + LW,91.15509583917718,1.4917017297802704
structured,isolated_timing,onset_directed,cel8_063,↗ ↘ ↖ ↙ ↑ ↓,90.70839177185601,1.0449976624590906
structured,isolated_timing,onset_directed,cel8_063_lw,↗ ↘ ↖ ↙ ↑ ↓ + LW,91.52688172043011,1.863487611033185
structured,isolated_timing,onset_directed,cel8_064,→,78.66603219127764,-10.99736191811928
structured,isolated_timing,onset_directed,cel8_064_lw,→ + LW,82.3283410138249,-7.335053095572028
structured,isolated_timing,onset_directed,cel8_065,↗ →,88.61021505376345,-1.0531790556334713
structured,isolated_timing,onset_directed,cel8_065_lw,↗ → + LW,90.40614773258532,0.7427536231884024
structured,isolated_timing,onset_directed,cel8_066,↘ →,86.46765845188004,-3.1957356575168627
structured,isolated_timing,onset_directed,cel8_066_lw,↘ → + LW,89.38759767581648,-0.27579643358044137
structured,isolated_timing,onset_directed,cel8_067,↗ ↘ →,88.88561076604556,-0.7777833433513653
structured,isolated_timing,onset_directed,cel8_067_lw,↗ ↘ → + LW,91.25970079476392,1.5963066853669938
structured,isolated_timing,onset_directed,cel8_068,↖ →,85.3187237026648,-4.344670406732118
structured,isolated_timing,onset_directed,cel8_068_lw,↖ → + LW,84.07012622720897,-5.593267882187944
structured,isolated_timing,onset_directed,cel8_069,↗ ↖ →,87.29102384291724,-2.372370266479662
structured,isolated_timing,onset_directed,cel8_069_lw,↗ ↖ → + LW,87.6873539036933,-1.9760402057036024
structured,isolated_timing,onset_directed,cel8_070,↘ ↖ →,87.19798971482001,-2.465404394576906
structured,isolated_timing,onset_directed,cel8_070_lw,↘ ↖ → + LW,87.90112201963535,-1.7622720897615656
structured,isolated_timing,onset_directed,cel8_071,↗ ↘ ↖ →,89.29721832632072,-0.366175783076203
structured,isolated_timing,onset_directed,cel8_071_lw,↗ ↘ ↖ → + LW,89.98468910705938,0.3212949976624607
structured,isolated_timing,onset_directed,cel8_072,↙ →,84.83496961196822,-4.82842449742871
structured,isolated_timing,onset_directed,cel8_072_lw,↙ → + LW,88.44086021505375,-1.2225338943431558
structured,isolated_timing,onset_directed,cel8_073,↗ ↙ →,88.98550724637681,-0.6778868630201051
structured,isolated_timing,onset_directed,cel8_073_lw,↗ ↙ → + LW,91.11652641421225,1.4531323048153326
structured,isolated_timing,onset_directed,cel8_074,↘ ↙ →,88.9787283777466,-0.6846657316503052
structured,isolated_timing,onset_directed,cel8_074_lw,↘ ↙ → + LW,91.23375409069658,1.5703599812996711
structured,isolated_timing,onset_directed,cel8_075,↗ ↘ ↙ →,90.21622253389434,0.5528284244974313
structured,isolated_timing,onset_directed,cel8_075_lw,↗ ↘ ↙ → + LW,92.17695184665733,2.5135577372604025
structured,isolated_timing,onset_directed,cel8_076,↖ ↙ →,86.54955586722768,-3.113838242169237
structured,isolated_timing,onset_directed,cel8_076_lw,↖ ↙ → + LW,85.48889668069191,-4.1744974287050045
structured,isolated_timing,onset_directed,cel8_077,↗ ↖ ↙ →,87.75549322113139,-1.907900888265543
structured,isolated_timing,onset_directed,cel8_077_lw,↗ ↖ ↙ → + LW,88.03985507246377,-1.623539036933147
structured,isolated_timing,onset_directed,cel8_078,↘ ↖ ↙ →,87.81685366993922,-1.846540439457689
structured,isolated_timing,onset_directed,cel8_078_lw,↘ ↖ ↙ → + LW,87.87821411874708,-1.7851799906498378
structured,isolated_timing,onset_directed,cel8_079,↗ ↘ ↖ ↙ →,88.89913510986443,-0.7642589995324911
structured,isolated_timing,onset_directed,cel8_079_lw,↗ ↘ ↖ ↙ → + LW,90.57550257129499,0.9121084618980729
structured,isolated_timing,onset_directed,cel8_080,↑ →,89.12263741401189,-0.5407566953850251
structured,isolated_timing,onset_directed,cel8_080_lw,↑ → + LW,87.36235223402124,-2.301041875375673
structured,isolated_timing,onset_directed,cel8_081,↗ ↑ →,91.12108461898084,1.4576905095839143
structured,isolated_timing,onset_directed,cel8_081_lw,↗ ↑ → + LW,90.95889267347893,1.2954985640820178
structured,isolated_timing,onset_directed,cel8_082,↘ ↑ →,91.09692446403525,1.4335303546383433
structured,isolated_timing,onset_directed,cel8_082_lw,↘ ↑ → + LW,91.43037467441395,1.7669805650170374
structured,isolated_timing,onset_directed,cel8_083,↗ ↘ ↑ →,91.48787818072532,1.8244840713283943
structured,isolated_timing,onset_directed,cel8_083_lw,↗ ↘ ↑ → + LW,92.22291791892073,2.5595238095238115
structured,isolated_timing,onset_directed,cel8_084,↖ ↑ →,88.33450210378682,-1.328892005610094
structured,isolated_timing,onset_directed,cel8_084_lw,↖ ↑ → + LW,85.88113604488079,-3.782258064516131
structured,isolated_timing,onset_directed,cel8_085,↗ ↖ ↑ →,89.4181860682562,-0.24520804114071537
structured,isolated_timing,onset_directed,cel8_085_lw,↗ ↖ ↑ → + LW,89.28669939223937,-0.37669471715755243
structured,isolated_timing,onset_directed,cel8_086,↘ ↖ ↑ →,89.94424964936887,0.280855539971947
structured,isolated_timing,onset_directed,cel8_086_lw,↘ ↖ ↑ → + LW,89.14808321645629,-0.5153108929406319
structured,isolated_timing,onset_directed,cel8_087,↗ ↘ ↖ ↑ →,90.79301075268818,1.1296166432912536
structured,isolated_timing,onset_directed,cel8_087_lw,↗ ↘ ↖ ↑ → + LW,90.73527349228611,1.0718793828892044
structured,isolated_timing,onset_directed,cel8_088,↙ ↑ →,90.1621084618981,0.49871435250117
structured,isolated_timing,onset_directed,cel8_088_lw,↙ ↑ → + LW,89.78389434315099,0.12050023375408947
structured,isolated_timing,onset_directed,cel8_089,↗ ↙ ↑ →,91.68384759233288,2.020453482935955
structured,isolated_timing,onset_directed,cel8_089_lw,↗ ↙ ↑ → + LW,92.1193314633006,2.455937353903695
structured,isolated_timing,onset_directed,cel8_090,↘ ↙ ↑ →,92.16082281439925,2.497428705002341
structured,isolated_timing,onset_directed,cel8_090_lw,↘ ↙ ↑ → + LW,91.93676951846656,2.2733754090696583
structured,isolated_timing,onset_directed,cel8_091,↗ ↘ ↙ ↑ →,92.14679756895747,2.483403459560543
structured,isolated_timing,onset_directed,cel8_091_lw,↗ ↘ ↙ ↑ → + LW,93.1797568957457,3.5163627863487648
structured,isolated_timing,onset_directed,cel8_092,↖ ↙ ↑ →,88.39936886395512,-1.264025245441791
structured,isolated_timing,onset_directed,cel8_092_lw,↖ ↙ ↑ → + LW,86.9651706404862,-2.698223468910707
structured,isolated_timing,onset_directed,cel8_093,↗ ↖ ↙ ↑ →,90.2332865825152,0.5698924731182803
structured,isolated_timing,onset_directed,cel8_093_lw,↗ ↖ ↙ ↑ → + LW,89.28132304815335,-0.3820710612435718
structured,isolated_timing,onset_directed,cel8_094,↘ ↖ ↙ ↑ →,89.87050023375409,0.20710612435717313
structured,isolated_timing,onset_directed,cel8_094_lw,↘ ↖ ↙ ↑ → + LW,89.69857410004674,0.035179990649836235
structured,isolated_timing,onset_directed,cel8_095,↗ ↘ ↖ ↙ ↑ →,91.00327255726975,1.3398784478728358
structured,isolated_timing,onset_directed,cel8_095_lw,↗ ↘ ↖ ↙ ↑ → + LW,91.22089761570827,1.5575035063113556
structured,isolated_timing,onset_directed,cel8_096,↓ →,81.84473719361517,-7.818656915781744
structured,isolated_timing,onset_directed,cel8_096_lw,↓ → + LW,86.39799973285247,-3.265394376544442
structured,isolated_timing,onset_directed,cel8_097,↗ ↓ →,89.13101916783543,-0.5323749415614781
structured,isolated_timing,onset_directed,cel8_097_lw,↗ ↓ → + LW,90.30309557202966,0.639701462632733
structured,isolated_timing,onset_directed,cel8_098,↘ ↓ →,88.89823348694316,-0.7651606224537533
structured,isolated_timing,onset_directed,cel8_098_lw,↘ ↓ → + LW,91.40384358511989,1.740449475722966
structured,isolated_timing,onset_directed,cel8_099,↗ ↘ ↓ →,90.3203933747412,0.6569992653442935
structured,isolated_timing,onset_directed,cel8_099_lw,↗ ↘ ↓ → + LW,92.41225873238497,2.7488646229880427
structured,isolated_timing,onset_directed,cel8_100,↖ ↓ →,85.7798036465638,-3.8835904628330975
structured,isolated_timing,onset_directed,cel8_100_lw,↖ ↓ → + LW,85.75841514726508,-3.904978962131839
structured,isolated_timing,onset_directed,cel8_101,↗ ↖ ↓ →,88.04873772791024,-1.6146563814866761
structured,isolated_timing,onset_directed,cel8_101_lw,↗ ↖ ↓ → + LW,89.54803646563815,-0.11535764375877056
structured,isolated_timing,onset_directed,cel8_102,↘ ↖ ↓ →,88.07129499766245,-1.59209911173446
structured,isolated_timing,onset_directed,cel8_102_lw,↘ ↖ ↓ → + LW,89.3284244974287,-0.33496961196821107
structured,isolated_timing,onset_directed,cel8_103,↗ ↘ ↖ ↓ →,89.38861617578307,-0.27477793361384284
structured,isolated_timing,onset_directed,cel8_103_lw,↗ ↘ ↖ ↓ → + LW,91.22089761570827,1.5575035063113614
structured,isolated_timing,onset_directed,cel8_104,↙ ↓ →,87.88452547919587,-1.7788686302010333
structured,isolated_timing,onset_directed,cel8_104_lw,↙ ↓ → + LW,90.45523609163159,0.7918419822346867
structured,isolated_timing,onset_directed,cel8_105,↗ ↙ ↓ →,90.07971014492753,0.41631603553062
structured,isolated_timing,onset_directed,cel8_105_lw,↗ ↙ ↓ → + LW,92.04558204768584,2.382187938288918
structured,isolated_timing,onset_directed,cel8_106,↘ ↙ ↓ →,90.20079476390838,0.5374006545114551
structured,isolated_timing,onset_directed,cel8_106_lw,↘ ↙ ↓ → + LW,92.28377746610565,2.62038335670875
structured,isolated_timing,onset_directed,cel8_107,↗ ↘ ↙ ↓ →,90.82994389901823,1.1665497896213157
structured,isolated_timing,onset_directed,cel8_107_lw,↗ ↘ ↙ ↓ → + LW,93.04301075268818,3.3796166432912584
structured,isolated_timing,onset_directed,cel8_108,↖ ↙ ↓ →,87.35951379149135,-2.30388031790556
structured,isolated_timing,onset_directed,cel8_108_lw,↖ ↙ ↓ → + LW,87.23153342683497,-2.4318606825619424
structured,isolated_timing,onset_directed,cel8_109,↗ ↖ ↙ ↓ →,88.66409537166902,-0.9992987377279078
structured,isolated_timing,onset_directed,cel8_109_lw,↗ ↖ ↙ ↓ → + LW,89.7705703599813,0.10717625058438152
structured,isolated_timing,onset_directed,cel8_110,↘ ↖ ↙ ↓ →,88.6815100514259,-0.9818840579710164
structured,isolated_timing,onset_directed,cel8_110_lw,↘ ↖ ↙ ↓ → + LW,90.12985039738194,0.466456287985037
structured,isolated_timing,onset_directed,cel8_111,↗ ↘ ↖ ↙ ↓ →,89.26051893408136,-0.40287517531557016
structured,isolated_timing,onset_directed,cel8_111_lw,↗ ↘ ↖ ↙ ↓ → + LW,91.35051425899952,1.6871201496026167
structured,isolated_timing,onset_directed,cel8_112,↑ ↓ →,88.18621852668136,-1.4771755827155564
structured,isolated_timing,onset_directed,cel8_112_lw,↑ ↓ → + LW,88.2460595738997,-1.4173345354972222
structured,isolated_timing,onset_directed,cel8_113,↗ ↑ ↓ →,90.7340212382288,1.0706271288318998
structured,isolated_timing,onset_directed,cel8_113_lw,↗ ↑ ↓ → + LW,91.65828491284311,1.9948908034462032
structured,isolated_timing,onset_directed,cel8_114,↘ ↑ ↓ →,91.23191745141254,1.568523342015629
structured,isolated_timing,onset_directed,cel8_114_lw,↘ ↑ ↓ → + LW,92.39285714285714,2.7294630334602275
structured,isolated_timing,onset_directed,cel8_115,↗ ↘ ↑ ↓ →,91.5055266145729,1.8421325051759836
structured,isolated_timing,onset_directed,cel8_115_lw,↗ ↘ ↑ ↓ → + LW,93.5781072597342,3.914713150337273
structured,isolated_timing,onset_directed,cel8_116,↖ ↑ ↓ →,88.62388966806918,-1.0395044413277266
structured,isolated_timing,onset_directed,cel8_116_lw,↖ ↑ ↓ → + LW,88.06615240766713,-1.5972417017297817
structured,isolated_timing,onset_directed,cel8_117,↗ ↖ ↑ ↓ →,89.49731182795699,-0.1660822814399221
structured,isolated_timing,onset_directed,cel8_117_lw,↗ ↖ ↑ ↓ → + LW,90.75794763908368,1.0945535296867648
structured,isolated_timing,onset_directed,cel8_118,↘ ↖ ↑ ↓ →,90.52992052360915,0.8665264142122403
structured,isolated_timing,onset_directed,cel8_118_lw,↘ ↖ ↑ ↓ → + LW,90.64200561009818,0.9786115007012569
structured,isolated_timing,onset_directed,cel8_119,↗ ↘ ↖ ↑ ↓ →,91.03342683496962,1.3700327255726923
structured,isolated_timing,onset_directed,cel8_119_lw,↗ ↘ ↖ ↑ ↓ → + LW,91.82059373539037,2.157199625993447
structured,isolated_timing,onset_directed,cel8_120,↙ ↑ ↓ →,90.22358578775129,0.5601916783543687
structured,isolated_timing,onset_directed,cel8_120_lw,↙ ↑ ↓ → + LW,91.35974754558205,1.696353436185133
structured,isolated_timing,onset_directed,cel8_121,↗ ↙ ↑ ↓ →,91.34361851332399,1.680224403927072
structured,isolated_timing,onset_directed,cel8_121_lw,↗ ↙ ↑ ↓ → + LW,93.14481065918653,3.481416549789623
structured,isolated_timing,onset_directed,cel8_122,↘ ↙ ↑ ↓ →,92.1553295932679,2.4919354838709715
structured,isolated_timing,onset_directed,cel8_122_lw,↘ ↙ ↑ ↓ → + LW,92.6238896680692,2.960495558672274
structured,isolated_timing,onset_directed,cel8_123,↗ ↘ ↙ ↑ ↓ →,91.81019167835439,2.146797568957459
structured,isolated_timing,onset_directed,cel8_123_lw,↗ ↘ ↙ ↑ ↓ → + LW,93.80575035063113,4.142356241234227
structured,isolated_timing,onset_directed,cel8_124,↖ ↙ ↑ ↓ →,89.21470313230482,-0.44869097709210326
structured,isolated_timing,onset_directed,cel8_124_lw,↖ ↙ ↑ ↓ → + LW,88.59934548854605,-1.0640486208508715
structured,isolated_timing,onset_directed,cel8_125,↗ ↖ ↙ ↑ ↓ →,90.18431510051425,0.5209209911173462
structured,isolated_timing,onset_directed,cel8_125_lw,↗ ↖ ↙ ↑ ↓ → + LW,90.64925198690977,0.9858578775128551
structured,isolated_timing,onset_directed,cel8_126,↘ ↖ ↙ ↑ ↓ →,90.43349696119682,0.7701028517999087
structured,isolated_timing,onset_directed,cel8_126_lw,↘ ↖ ↙ ↑ ↓ → + LW,91.05060776063581,1.3872136512388917
structured,isolated_timing,onset_directed,cel8_127,↗ ↘ ↖ ↙ ↑ ↓ →,90.80165965404395,1.1382655446470298
structured,isolated_timing,onset_directed,cel8_127_lw,↗ ↘ ↖ ↙ ↑ ↓ → + LW,91.7432211313698,2.07982702197288
structured,isolated_timing,onset_directed,cel8_128,←,76.7910572363588,-12.872336873038131
structured,isolated_timing,onset_directed,cel8_128_lw,← + LW,82.18793828892005,-7.475455820476859
structured,isolated_timing,onset_directed,cel8_129,↗ ←,86.95698924731184,-2.706404862085088
structured,isolated_timing,onset_directed,cel8_129_lw,↗ ← + LW,87.72510518934082,-1.9382889200560998
structured,isolated_timing,onset_directed,cel8_130,↘ ←,84.80002337540907,-4.863370733987848
structured,isolated_timing,onset_directed,cel8_130_lw,↘ ← + LW,87.22861150070126,-2.4347826086956488
structured,isolated_timing,onset_directed,cel8_131,↗ ↘ ←,88.1473819541842,-1.5160121552127177
structured,isolated_timing,onset_directed,cel8_131_lw,↗ ↘ ← + LW,89.88849929873773,0.22510518934081292
structured,isolated_timing,onset_directed,cel8_132,↖ ←,82.62377279102384,-7.039621318373071
structured,isolated_timing,onset_directed,cel8_132_lw,↖ ← + LW,82.0273492286115,-7.636044880785414
structured,isolated_timing,onset_directed,cel8_133,↗ ↖ ←,86.51098644226273,-3.1524076671341716
structured,isolated_timing,onset_directed,cel8_133_lw,↗ ↖ ← + LW,87.23877980364657,-2.4246143057503526
structured,isolated_timing,onset_directed,cel8_134,↘ ↖ ←,85.46552127162225,-4.197872837774663
structured,isolated_timing,onset_directed,cel8_134_lw,↘ ↖ ← + LW,86.86150070126229,-2.801893408134637
structured,isolated_timing,onset_directed,cel8_135,↗ ↘ ↖ ←,88.46633941093968,-1.1970546984572255
structured,isolated_timing,onset_directed,cel8_135_lw,↗ ↘ ↖ ← + LW,89.29055633473585,-0.37283777466106116
structured,isolated_timing,onset_directed,cel8_136,↙ ←,80.14971949509116,-9.513674614305748
structured,isolated_timing,onset_directed,cel8_136_lw,↙ ← + LW,85.90217391304347,-3.7612201963534373
structured,isolated_timing,onset_directed,cel8_137,↗ ↙ ←,87.5074801309023,-2.1559139784946253
structured,isolated_timing,onset_directed,cel8_137_lw,↗ ↙ ← + LW,89.56112669471716,-0.10226741467975475
structured,isolated_timing,onset_directed,cel8_138,↘ ↙ ←,86.7872837774661,-2.876110331930806
structured,isolated_timing,onset_directed,cel8_138_lw,↘ ↙ ← + LW,88.81767180925667,-0.8457223001402475
structured,isolated_timing,onset_directed,cel8_139,↗ ↘ ↙ ←,88.75046750818139,-0.9129266012155274
structured,isolated_timing,onset_directed,cel8_139_lw,↗ ↘ ↙ ← + LW,90.5970079476391,0.9336138382421755
structured,isolated_timing,onset_directed,cel8_140,↖ ↙ ←,84.4963768115942,-5.167017297802712
structured,isolated_timing,onset_directed,cel8_140_lw,↖ ↙ ← + LW,83.89317438055166,-5.770219728845253
structured,isolated_timing,onset_directed,cel8_141,↗ ↖ ↙ ←,86.92286115007013,-2.740532959326786
structured,isolated_timing,onset_directed,cel8_141_lw,↗ ↖ ↙ ← + LW,87.3349696119682,-2.328424497428705
structured,isolated_timing,onset_directed,cel8_142,↘ ↖ ↙ ←,86.6912108461898,-2.9721832632071066
structured,isolated_timing,onset_directed,cel8_142_lw,↘ ↖ ↙ ← + LW,87.62073398784477,-2.042660121552131
structured,isolated_timing,onset_directed,cel8_143,↗ ↘ ↖ ↙ ←,87.773492286115,-1.8899018232819058
structured,isolated_timing,onset_directed,cel8_143_lw,↗ ↘ ↖ ↙ ← + LW,89.8496961196821,0.18630201028517757
structured,isolated_timing,onset_directed,cel8_144,↑ ←,88.02816736792893,-1.6352267414679766
structured,isolated_timing,onset_directed,cel8_144_lw,↑ ← + LW,85.57702197288452,-4.086372136512392
structured,isolated_timing,onset_directed,cel8_145,↗ ↑ ←,89.42064048620851,-0.24275362318839921
structured,isolated_timing,onset_directed,cel8_145_lw,↗ ↑ ← + LW,89.65404394576906,-0.009350163627869224
structured,isolated_timing,onset_directed,cel8_146,↘ ↑ ←,89.7219495091164,0.058555399719495416
structured,isolated_timing,onset_directed,cel8_146_lw,↘ ↑ ← + LW,89.82924263674614,0.16584852734923272
structured,isolated_timing,onset_directed,cel8_147,↗ ↘ ↑ ←,90.50233754090696,0.838943431510053
structured,isolated_timing,onset_directed,cel8_147_lw,↗ ↘ ↑ ← + LW,91.08286582515194,1.4194717157550274
structured,isolated_timing,onset_directed,cel8_148,↖ ↑ ←,86.60916316035532,-3.0542309490416084
structured,isolated_timing,onset_directed,cel8_148_lw,↖ ↑ ← + LW,84.7522206638616,-4.9111734455352964
structured,isolated_timing,onset_directed,cel8_149,↗ ↖ ↑ ←,88.26449275362319,-1.3989013557737269
structured,isolated_timing,onset_directed,cel8_149_lw,↗ ↖ ↑ ← + LW,88.32082748948108,-1.342566619915847
structured,isolated_timing,onset_directed,cel8_150,↘ ↖ ↑ ←,88.51694717157552,-1.1464469378214077
structured,isolated_timing,onset_directed,cel8_150_lw,↘ ↖ ↑ ← + LW,88.5101683029453,-1.153225806451616
structured,isolated_timing,onset_directed,cel8_151,↗ ↘ ↖ ↑ ←,89.6514726507714,-0.011921458625527293
structured,isolated_timing,onset_directed,cel8_151_lw,↗ ↘ ↖ ↑ ← + LW,89.93419822346893,0.2708041140720041
structured,isolated_timing,onset_directed,cel8_152,↙ ↑ ←,88.49871435250117,-1.1646797568957505
structured,isolated_timing,onset_directed,cel8_152_lw,↙ ↑ ← + LW,88.58298270219728,-1.0804114071996274
structured,isolated_timing,onset_directed,cel8_153,↗ ↙ ↑ ←,90.10063113604487,0.43723702664796305
structured,isolated_timing,onset_directed,cel8_153_lw,↗ ↙ ↑ ← + LW,91.02173913043478,1.3583450210378711
structured,isolated_timing,onset_directed,cel8_154,↘ ↙ ↑ ←,89.268115942029,-0.39527816736792953
structured,isolated_timing,onset_directed,cel8_154_lw,↘ ↙ ↑ ← + LW,90.2606358111267,0.597241701729781
structured,isolated_timing,onset_directed,cel8_155,↗ ↘ ↙ ↑ ←,90.90381019167836,1.2404160822814396
structured,isolated_timing,onset_directed,cel8_155_lw,↗ ↘ ↙ ↑ ← + LW,91.33707339878448,1.6736792893875667
structured,isolated_timing,onset_directed,cel8_156,↖ ↙ ↑ ←,86.72849462365592,-2.9348994857410022
structured,isolated_timing,onset_directed,cel8_156_lw,↖ ↙ ↑ ← + LW,85.70804114071997,-3.9553529686769506
structured,isolated_timing,onset_directed,cel8_157,↗ ↖ ↙ ↑ ←,88.7850631136045,-0.8783309957924257
structured,isolated_timing,onset_directed,cel8_157_lw,↗ ↖ ↙ ↑ ← + LW,88.91339410939692,-0.7499999999999979
structured,isolated_timing,onset_directed,cel8_158,↘ ↖ ↙ ↑ ←,88.74310425432445,-0.9202898550724703
structured,isolated_timing,onset_directed,cel8_158_lw,↘ ↖ ↙ ↑ ← + LW,88.6905095839177,-0.9728845254791979
structured,isolated_timing,onset_directed,cel8_159,↗ ↘ ↖ ↙ ↑ ←,90.14071996259935,0.4773258532024288
structured,isolated_timing,onset_directed,cel8_159_lw,↗ ↘ ↖ ↙ ↑ ← + LW,90.205703599813,0.5423094904160819
structured,isolated_timing,onset_directed,cel8_160,↓ ←,80.08532024310425,-9.578073866292659
structured,isolated_timing,onset_directed,cel8_160_lw,↓ ← + LW,85.00712949976625,-4.65626460963067
structured,isolated_timing,onset_directed,cel8_161,↗ ↓ ←,87.770804114072,-1.89258999532492
structured,isolated_timing,onset_directed,cel8_161_lw,↗ ↓ ← + LW,89.00864890135578,-0.6547452080411381
structured,isolated_timing,onset_directed,cel8_162,↘ ↓ ←,86.85472183263207,-2.8086722767648453
structured,isolated_timing,onset_directed,cel8_162_lw,↘ ↓ ← + LW,90.33076203833566,0.6673679289387585
structured,isolated_timing,onset_directed,cel8_163,↗ ↘ ↓ ←,88.72615708274894,-0.9372370266479663
structured,isolated_timing,onset_directed,cel8_163_lw,↗ ↘ ↓ ← + LW,90.80575035063114,1.1423562412342214
structured,isolated_timing,onset_directed,cel8_164,↖ ↓ ←,83.33742402992051,-6.325970079476395
structured,isolated_timing,onset_directed,cel8_164_lw,↖ ↓ ← + LW,85.02582982702198,-4.637564282374942
structured,isolated_timing,onset_directed,cel8_165,↗ ↖ ↓ ←,87.50374006545114,-2.1596540439457663
structured,isolated_timing,onset_directed,cel8_165_lw,↗ ↖ ↓ ← + LW,88.26647966339411,-1.3969144460028033
structured,isolated_timing,onset_directed,cel8_166,↘ ↖ ↓ ←,85.99532491818607,-3.668069191210846
structured,isolated_timing,onset_directed,cel8_166_lw,↘ ↖ ↓ ← + LW,88.64516129032258,-1.0182328190743357
structured,isolated_timing,onset_directed,cel8_167,↗ ↘ ↖ ↓ ←,88.70137914913511,-0.9620149602618061
structured,isolated_timing,onset_directed,cel8_167_lw,↗ ↘ ↖ ↓ ← + LW,89.99719495091163,0.333800841514717
structured,isolated_timing,onset_directed,cel8_168,↙ ↓ ←,84.42531556802244,-5.2380785413744775
structured,isolated_timing,onset_directed,cel8_168_lw,↙ ↓ ← + LW,88.76519401589526,-0.8982000935016415
structured,isolated_timing,onset_directed,cel8_169,↗ ↙ ↓ ←,88.40696587190276,-1.256428237494156
structured,isolated_timing,onset_directed,cel8_169_lw,↗ ↙ ↓ ← + LW,90.97604020570361,1.3126460963066884
structured,isolated_timing,onset_directed,cel8_170,↘ ↙ ↓ ←,88.17064048620851,-1.4927536231884058
structured,isolated_timing,onset_directed,cel8_170_lw,↘ ↙ ↓ ← + LW,90.26250584385227,0.5991117344553543
structured,isolated_timing,onset_directed,cel8_171,↗ ↘ ↙ ↓ ←,89.57293127629733,-0.09046283309958325
structured,isolated_timing,onset_directed,cel8_171_lw,↗ ↘ ↙ ↓ ← + LW,91.49836372136512,1.8349696119682124
structured,isolated_timing,onset_directed,cel8_172,↖ ↙ ↓ ←,85.20114539504442,-4.462248714352504
structured,isolated_timing,onset_directed,cel8_172_lw,↖ ↙ ↓ ← + LW,86.78284244974287,-2.8805516596540457
structured,isolated_timing,onset_directed,cel8_173,↗ ↖ ↙ ↓ ←,87.33683964469378,-2.3265544647031344
structured,isolated_timing,onset_directed,cel8_173_lw,↗ ↖ ↙ ↓ ← + LW,88.58368396446939,-1.079710144927537
structured,isolated_timing,onset_directed,cel8_174,↘ ↖ ↙ ↓ ←,86.75455820476859,-2.908835904628332
structured,isolated_timing,onset_directed,cel8_174_lw,↘ ↖ ↙ ↓ ← + LW,89.19915848527349,-0.46423562412342134
structured,isolated_timing,onset_directed,cel8_175,↗ ↘ ↖ ↙ ↓ ←,88.38031790556334,-1.283076203833569
structured,isolated_timing,onset_directed,cel8_175_lw,↗ ↘ ↖ ↙ ↓ ← + LW,90.14773258532024,0.4843384759233238
structured,isolated_timing,onset_directed,cel8_176,↑ ↓ ←,88.08450210378682,-1.5788920056100941
structured,isolated_timing,onset_directed,cel8_176_lw,↑ ↓ ← + LW,86.98866292660122,-2.6747311827956977
structured,isolated_timing,onset_directed,cel8_177,↗ ↑ ↓ ←,88.96984572230015,-0.6935483870967762
structured,isolated_timing,onset_directed,cel8_177_lw,↗ ↑ ↓ ← + LW,89.87646096306685,0.21306685366993816
structured,isolated_timing,onset_directed,cel8_178,↘ ↑ ↓ ←,89.45585387029989,-0.2075402390970399
structured,isolated_timing,onset_directed,cel8_178_lw,↘ ↑ ↓ ← + LW,90.5725806451613,0.909186535764378
structured,isolated_timing,onset_directed,cel8_179,↗ ↘ ↑ ↓ ←,90.63370733987846,0.9703132304815398
structured,isolated_timing,onset_directed,cel8_179_lw,↗ ↘ ↑ ↓ ← + LW,91.60881252921926,1.9454184198223479
structured,isolated_timing,onset_directed,cel8_180,↖ ↑ ↓ ←,86.64258999532491,-3.020804114071998
structured,isolated_timing,onset_directed,cel8_180_lw,↖ ↑ ↓ ← + LW,87.14784946236558,-2.5155446470313256
structured,isolated_timing,onset_directed,cel8_181,↗ ↖ ↑ ↓ ←,89.03798503973819,-0.625409069658725
structured,isolated_timing,onset_directed,cel8_181_lw,↗ ↖ ↑ ↓ ← + LW,89.37657784011219,-0.2868162692847148
structured,isolated_timing,onset_directed,cel8_182,↘ ↖ ↑ ↓ ←,89.32725572697522,-0.3361383824216996
structured,isolated_timing,onset_directed,cel8_182_lw,↘ ↖ ↑ ↓ ← + LW,89.65696587190276,-0.006428237494163214
structured,isolated_timing,onset_directed,cel8_183,↗ ↘ ↖ ↑ ↓ ←,90.32854137447404,0.6651472650771345
structured,isolated_timing,onset_directed,cel8_183_lw,↗ ↘ ↖ ↑ ↓ ← + LW,90.33555399719495,0.6721598877980295
structured,isolated_timing,onset_directed,cel8_184,↙ ↑ ↓ ←,88.41082281439925,-1.252571294997662
structured,isolated_timing,onset_directed,cel8_184_lw,↙ ↑ ↓ ← + LW,89.5716456287985,-0.09174848059841645
structured,isolated_timing,onset_directed,cel8_185,↗ ↙ ↑ ↓ ←,89.93758765778401,0.2741935483870944
structured,isolated_timing,onset_directed,cel8_185_lw,↗ ↙ ↑ ↓ ← + LW,91.59513791491351,1.9317438055165947
structured,isolated_timing,onset_directed,cel8_186,↘ ↙ ↑ ↓ ←,89.07515194015896,-0.5882421692379652
structured,isolated_timing,onset_directed,cel8_186_lw,↘ ↙ ↑ ↓ ← + LW,91.05329593267881,1.3899018232819054
structured,isolated_timing,onset_directed,cel8_187,↗ ↘ ↙ ↑ ↓ ←,91.05458158017767,1.3911874707807415
structured,isolated_timing,onset_directed,cel8_187_lw,↗ ↘ ↙ ↑ ↓ ← + LW,91.85437120149604,2.190977092099114
structured,isolated_timing,onset_directed,cel8_188,↖ ↙ ↑ ↓ ←,87.27921926133708,-2.3841748480598475
structured,isolated_timing,onset_directed,cel8_188_lw,↖ ↙ ↑ ↓ ← + LW,87.92099111734456,-1.742402992052361
structured,isolated_timing,onset_directed,cel8_189,↗ ↖ ↙ ↑ ↓ ←,89.30236091631603,-0.36103319308088133
structured,isolated_timing,onset_directed,cel8_189_lw,↗ ↖ ↙ ↑ ↓ ← + LW,89.37809724170174,-0.28529686769518114
structured,isolated_timing,onset_directed,cel8_190,↘ ↖ ↙ ↑ ↓ ←,89.32187938288921,-0.3415147265077134
structured,isolated_timing,onset_directed,cel8_190_lw,↘ ↖ ↙ ↑ ↓ ← + LW,89.83052828424498,0.1671341748480576
structured,isolated_timing,onset_directed,cel8_191,↗ ↘ ↖ ↙ ↑ ↓ ←,90.03377746610566,0.3703833567087367
structured,isolated_timing,onset_directed,cel8_191_lw,↗ ↘ ↖ ↙ ↑ ↓ ← + LW,90.62470780738661,0.961313697989713
structured,isolated_timing,onset_directed,cel8_192,→ ←,78.32819074333801,-11.335203366058904
structured,isolated_timing,onset_directed,cel8_192_lw,→ ← + LW,82.57024310425433,-7.093151005142592
structured,isolated_timing,onset_directed,cel8_193,↗ → ←,85.99812996727442,-3.6652641421224876
structured,isolated_timing,onset_directed,cel8_193_lw,↗ → ← + LW,87.04464703132307,-2.618747078073863
structured,isolated_timing,onset_directed,cel8_194,↘ → ←,83.97592332865827,-5.687470780738662
structured,isolated_timing,onset_directed,cel8_194_lw,↘ → ← + LW,86.88978494623656,-2.7736091631603594
structured,isolated_timing,onset_directed,cel8_195,↗ ↘ → ←,87.61827956989248,-2.045114539504442
structured,isolated_timing,onset_directed,cel8_195_lw,↗ ↘ → ← + LW,89.50654511453952,-0.1568489948574059
structured,isolated_timing,onset_directed,cel8_196,↖ → ←,83.59373539036935,-6.069658719027582
structured,isolated_timing,onset_directed,cel8_196_lw,↖ → ← + LW,82.35518934081347,-7.308204768583448
structured,isolated_timing,onset_directed,cel8_197,↗ ↖ → ←,86.44132772323515,-3.2220663861617593
structured,isolated_timing,onset_directed,cel8_197_lw,↗ ↖ → ← + LW,87.73375409069659,-1.9296400187003293
structured,isolated_timing,onset_directed,cel8_198,↘ ↖ → ←,85.84128097241701,-3.822113136979896
structured,isolated_timing,onset_directed,cel8_198_lw,↘ ↖ → ← + LW,87.44611968209443,-2.2172744273024794
structured,isolated_timing,onset_directed,cel8_199,↗ ↘ ↖ → ←,87.6774193548387,-1.9859747545582063
structured,isolated_timing,onset_directed,cel8_199_lw,↗ ↘ ↖ → ← + LW,89.50479195885927,-0.15860215053764004
structured,isolated_timing,onset_directed,cel8_200,↙ → ←,81.15790088826556,-8.505493221131369
structured,isolated_timing,onset_directed,cel8_200_lw,↙ → ← + LW,85.4758064516129,-4.187587657784012
structured,isolated_timing,onset_directed,cel8_201,↗ ↙ → ←,87.71306685366994,-1.9503272557269746
structured,isolated_timing,onset_directed,cel8_201_lw,↗ ↙ → ← + LW,89.01425899953249,-0.6491351098644238
structured,isolated_timing,onset_directed,cel8_202,↘ ↙ → ←,85.91362786348759,-3.7497662459093113
structured,isolated_timing,onset_directed,cel8_202_lw,↘ ↙ → ← + LW,89.1437587657784,-0.5196353436185075
structured,isolated_timing,onset_directed,cel8_203,↗ ↘ ↙ → ←,88.77898550724636,-0.8844086021505382
structured,isolated_timing,onset_directed,cel8_203_lw,↗ ↘ ↙ → ← + LW,90.2064048620851,0.5430107526881806
structured,isolated_timing,onset_directed,cel8_204,↖ ↙ → ←,84.58952781673679,-5.07386629266012
structured,isolated_timing,onset_directed,cel8_204_lw,↖ ↙ → ← + LW,84.96107994389902,-4.7023141654978975
structured,isolated_timing,onset_directed,cel8_205,↗ ↖ ↙ → ←,86.62856474988313,-3.0348293595137936
structured,isolated_timing,onset_directed,cel8_205_lw,↗ ↖ ↙ → ← + LW,88.38066853669939,-1.282725572697521
structured,isolated_timing,onset_directed,cel8_206,↘ ↖ ↙ → ←,85.91129032258064,-3.752103786816269
structured,isolated_timing,onset_directed,cel8_206_lw,↘ ↖ ↙ → ← + LW,88.10168302945301,-1.5617110799439033
structured,isolated_timing,onset_directed,cel8_207,↗ ↘ ↖ ↙ → ←,88.00864890135578,-1.6547452080411391
structured,isolated_timing,onset_directed,cel8_207_lw,↗ ↘ ↖ ↙ → ← + LW,89.71867695184666,0.05528284244974424
structured,isolated_timing,onset_directed,cel8_208,↑ → ←,85.57655446470314,-4.086839644693785
structured,isolated_timing,onset_directed,cel8_208_lw,↑ → ← + LW,85.02840112201963,-4.634992987377279
structured,isolated_timing,onset_directed,cel8_209,↗ ↑ → ←,88.97907900888266,-0.6843151005142573
structured,isolated_timing,onset_directed,cel8_209_lw,↗ ↑ → ← + LW,88.20874240299206,-1.454651706404861
structured,isolated_timing,onset_directed,cel8_210,↘ ↑ → ←,88.84338475923329,-0.820009350163628
structured,isolated_timing,onset_directed,cel8_210_lw,↘ ↑ → ← + LW,89.14001870032726,-0.5233754090696541
structured,isolated_timing,onset_directed,cel8_211,↗ ↘ ↑ → ←,89.77314165497896,0.10974754558204514
structured,isolated_timing,onset_directed,cel8_211_lw,↗ ↘ ↑ → ← + LW,90.4482234689107,0.7848293595137945
structured,isolated_timing,onset_directed,cel8_212,↖ ↑ → ←,86.23772791023842,-3.4256661991584862
structured,isolated_timing,onset_directed,cel8_212_lw,↖ ↑ → ← + LW,85.18735390369332,-4.476040205703597
structured,isolated_timing,onset_directed,cel8_213,↗ ↖ ↑ → ←,88.50140252454418,-1.1619915848527396
structured,isolated_timing,onset_directed,cel8_213_lw,↗ ↖ ↑ → ← + LW,88.73515661524077,-0.9282374941561478
structured,isolated_timing,onset_directed,cel8_214,↘ ↖ ↑ → ←,87.8071528751753,-1.856241234221595
structured,isolated_timing,onset_directed,cel8_214_lw,↘ ↖ ↑ → ← + LW,89.0278167367929,-0.6355773726040209
structured,isolated_timing,onset_directed,cel8_215,↗ ↘ ↖ ↑ → ←,89.25198690977092,-0.41140719962599603
structured,isolated_timing,onset_directed,cel8_215_lw,↗ ↘ ↖ ↑ → ← + LW,89.87844787283777,0.2150537634408617
structured,isolated_timing,onset_directed,cel8_216,↙ ↑ → ←,87.85331930808789,-1.810074801309025
structured,isolated_timing,onset_directed,cel8_216_lw,↙ ↑ → ← + LW,87.99041608228144,-1.6729780271154737
structured,isolated_timing,onset_directed,cel8_217,↗ ↙ ↑ → ←,89.58894343151005,-0.07445067788686699
structured,isolated_timing,onset_directed,cel8_217_lw,↗ ↙ ↑ → ← + LW,90.42379616643292,0.7604020570359998
structured,isolated_timing,onset_directed,cel8_218,↘ ↙ ↑ → ←,89.03669939223937,-0.6266947171575471
structured,isolated_timing,onset_directed,cel8_218_lw,↘ ↙ ↑ → ← + LW,89.83625525946704,0.17286115007013048
structured,isolated_timing,onset_directed,cel8_219,↗ ↘ ↙ ↑ → ←,90.4726507713885,0.8092566619915892
structured,isolated_timing,onset_directed,cel8_219_lw,↗ ↘ ↙ ↑ → ← + LW,91.04978962131838,1.386395511921465
structured,isolated_timing,onset_directed,cel8_220,↖ ↙ ↑ → ←,86.4796633941094,-3.1837307152875165
structured,isolated_timing,onset_directed,cel8_220_lw,↖ ↙ ↑ → ← + LW,86.695301542777,-2.9680925666199123
structured,isolated_timing,onset_directed,cel8_221,↗ ↖ ↙ ↑ → ←,88.23293595137915,-1.4304581580177667
structured,isolated_timing,onset_directed,cel8_221_lw,↗ ↖ ↙ ↑ → ← + LW,89.03471248246844,-0.6286816269284706
structured,isolated_timing,onset_directed,cel8_222,↘ ↖ ↙ ↑ → ←,88.27512856474988,-1.3882655446470327
structured,isolated_timing,onset_directed,cel8_222_lw,↘ ↖ ↙ ↑ → ← + LW,89.06276297335202,-0.6006311360448796
structured,isolated_timing,onset_directed,cel8_223,↗ ↘ ↖ ↙ ↑ → ←,89.51659654043947,-0.1467975689574602
structured,isolated_timing,onset_directed,cel8_223_lw,↗ ↘ ↖ ↙ ↑ → ← + LW,90.24135109864423,0.5779569892473108
structured,isolated_timing,onset_directed,cel8_224,↓ → ←,80.94261337073398,-8.720780738662922
structured,isolated_timing,onset_directed,cel8_224_lw,↓ → ← + LW,85.03015427769986,-4.6332398316970504
structured,isolated_timing,onset_directed,cel8_225,↗ ↓ → ←,86.96096306685367,-2.7024310425432434
structured,isolated_timing,onset_directed,cel8_225_lw,↗ ↓ → ← + LW,88.16304347826087,-1.5003506311360408
structured,isolated_timing,onset_directed,cel8_226,↘ ↓ → ←,85.56930808789154,-4.094086021505378
structured,isolated_timing,onset_directed,cel8_226_lw,↘ ↓ → ← + LW,89.12237026647966,-0.5410238429172459
structured,isolated_timing,onset_directed,cel8_227,↗ ↘ ↓ → ←,87.76729780271155,-1.896096306685366
structured,isolated_timing,onset_directed,cel8_227_lw,↗ ↘ ↓ → ← + LW,90.54651706404863,0.8831229546517078
structured,isolated_timing,onset_directed,cel8_228,↖ ↓ → ←,84.3284244974287,-5.33496961196821
structured,isolated_timing,onset_directed,cel8_228_lw,↖ ↓ → ← + LW,85.21014492753622,-4.4532491818606825
structured,isolated_timing,onset_directed,cel8_229,↗ ↖ ↓ → ←,87.09887798036465,-2.5645161290322545
structured,isolated_timing,onset_directed,cel8_229_lw,↗ ↖ ↓ → ← + LW,88.74380551659655,-0.9195885928003772
structured,isolated_timing,onset_directed,cel8_230,↘ ↖ ↓ → ←,86.41467975689575,-3.2487143525011724
structured,isolated_timing,onset_directed,cel8_230_lw,↘ ↖ ↓ → ← + LW,88.92776998597476,-0.7356241234221628
structured,isolated_timing,onset_directed,cel8_231,↗ ↘ ↖ ↓ → ←,88.2807386629266,-1.3826554464703156
structured,isolated_timing,onset_directed,cel8_231_lw,↗ ↘ ↖ ↓ → ← + LW,89.95371669004207,0.2903225806451665
structured,isolated_timing,onset_directed,cel8_232,↙ ↓ → ←,83.87061711079944,-5.792776998597471
structured,isolated_timing,onset_directed,cel8_232_lw,↙ ↓ → ← + LW,88.15497896213184,-1.5084151472650797
structured,isolated_timing,onset_directed,cel8_233,↗ ↙ ↓ → ←,88.18641888733053,-1.4769752220663874
structured,isolated_timing,onset_directed,cel8_233_lw,↗ ↙ ↓ → ← + LW,90.46411874707807,0.8007246376811578
structured,isolated_timing,onset_directed,cel8_234,↘ ↙ ↓ → ←,87.16736792893876,-2.4960261804581663
structured,isolated_timing,onset_directed,cel8_234_lw,↘ ↙ ↓ → ← + LW,90.50257129499767,0.8391771856007452
structured,isolated_timing,onset_directed,cel8_235,↗ ↘ ↙ ↓ → ←,89.53997194950911,-0.1234221598878038
structured,isolated_timing,onset_directed,cel8_235_lw,↗ ↘ ↙ ↓ → ← + LW,91.14270687237025,1.4793127629733505
structured,isolated_timing,onset_directed,cel8_236,↖ ↙ ↓ → ←,85.1751986909771,-4.488195418419822
structured,isolated_timing,onset_directed,cel8_236_lw,↖ ↙ ↓ → ← + LW,87.00923328658251,-2.6541608228144025
structured,isolated_timing,onset_directed,cel8_237,↗ ↖ ↙ ↓ → ←,87.10729312762973,-2.5561009817671843
structured,isolated_timing,onset_directed,cel8_237_lw,↗ ↖ ↙ ↓ → ← + LW,89.15568022440392,-0.5077138849929858
structured,isolated_timing,onset_directed,cel8_238,↘ ↖ ↙ ↓ → ←,86.5707106124357,-3.0926834969612016
structured,isolated_timing,onset_directed,cel8_238_lw,↘ ↖ ↙ ↓ → ← + LW,89.2589995324918,-0.40439457690510383
structured,isolated_timing,onset_directed,cel8_239,↗ ↘ ↖ ↙ ↓ → ←,88.53307620383357,-1.130317905563355
structured,isolated_timing,onset_directed,cel8_239_lw,↗ ↘ ↖ ↙ ↓ → ← + LW,90.26402524544179,0.6006311360448824
structured,isolated_timing,onset_directed,cel8_240,↑ ↓ → ←,85.92379616643291,-3.739597942964004
structured,isolated_timing,onset_directed,cel8_240_lw,↑ ↓ → ← + LW,86.09420289855072,-3.5691912108461925
structured,isolated_timing,onset_directed,cel8_241,↗ ↑ ↓ → ←,88.48445535296867,-1.1789387564282356
structured,isolated_timing,onset_directed,cel8_241_lw,↗ ↑ ↓ → ← + LW,89.05575035063113,-0.6076437587657801
structured,isolated_timing,onset_directed,cel8_242,↘ ↑ ↓ → ←,88.8825719628665,-0.780822146530416
structured,isolated_timing,onset_directed,cel8_242_lw,↘ ↑ ↓ → ← + LW,90.32176250584386,0.65836839644694
structured,isolated_timing,onset_directed,cel8_243,↗ ↘ ↑ ↓ → ←,90.11150070126227,0.4481065918653576
structured,isolated_timing,onset_directed,cel8_243_lw,↗ ↘ ↑ ↓ → ← + LW,90.88990182328192,1.2265077138849971
structured,isolated_timing,onset_directed,cel8_244,↖ ↑ ↓ → ←,86.33602150537635,-3.3273726040205704
structured,isolated_timing,onset_directed,cel8_244_lw,↖ ↑ ↓ → ← + LW,86.91993922393641,-2.7434548854605003
structured,isolated_timing,onset_directed,cel8_245,↗ ↖ ↑ ↓ → ←,88.68747078073866,-0.9759233286582542
structured,isolated_timing,onset_directed,cel8_245_lw,↗ ↖ ↑ ↓ → ← + LW,89.69950911640953,0.03611500701262427
structured,isolated_timing,onset_directed,cel8_246,↘ ↖ ↑ ↓ → ←,88.01951846657316,-1.64387564282375
structured,isolated_timing,onset_directed,cel8_246_lw,↘ ↖ ↑ ↓ → ← + LW,90.20956054230949,0.5461664329125759
structured,isolated_timing,onset_directed,cel8_247,↗ ↘ ↖ ↑ ↓ → ←,89.64831697054699,-0.015077138849928229
structured,isolated_timing,onset_directed,cel8_247_lw,↗ ↘ ↖ ↑ ↓ → ← + LW,90.37809724170174,0.7147031323048197
structured,isolated_timing,onset_directed,cel8_248,↙ ↑ ↓ → ←,87.98468910705937,-1.6787050023375412
structured,isolated_timing,onset_directed,cel8_248_lw,↙ ↑ ↓ → ← + LW,89.25245441795231,-0.41093969144460063
structured,isolated_timing,onset_directed,cel8_249,↗ ↙ ↑ ↓ → ←,89.44343151005143,-0.219962599345494
structured,isolated_timing,onset_directed,cel8_249_lw,↗ ↙ ↑ ↓ → ← + LW,91.2848293595138,1.6214352501168787
structured,isolated_timing,onset_directed,cel8_250,↘ ↙ ↑ ↓ → ←,88.91035530621785,-0.7530388031790541
structured,isolated_timing,onset_directed,cel8_250_lw,↘ ↙ ↑ ↓ → ← + LW,91.20056100981766,1.5371669004207527
structured,isolated_timing,onset_directed,cel8_251,↗ ↘ ↙ ↑ ↓ → ←,90.36570827489481,0.702314165497897
structured,isolated_timing,onset_directed,cel8_251_lw,↗ ↘ ↙ ↑ ↓ → ← + LW,91.3600981767181,1.696704067321178
structured,isolated_timing,onset_directed,cel8_252,↖ ↙ ↑ ↓ → ←,87.01098644226273,-2.6524076671341765
structured,isolated_timing,onset_directed,cel8_252_lw,↖ ↙ ↑ ↓ → ← + LW,88.73842917251051,-0.9249649368863966
structured,isolated_timing,onset_directed,cel8_253,↗ ↖ ↙ ↑ ↓ → ←,88.78190743338008,-0.8814866760168322
structured,isolated_timing,onset_directed,cel8_253_lw,↗ ↖ ↙ ↑ ↓ → ← + LW,89.59770920991117,-0.06568489948574063
structured,isolated_timing,onset_directed,cel8_254,↘ ↖ ↙ ↑ ↓ → ←,88.44179523141655,-1.2215988779803622
structured,isolated_timing,onset_directed,cel8_254_lw,↘ ↖ ↙ ↑ ↓ → ← + LW,89.66070593735391,-0.002688172043008308
structured,isolated_timing,onset_directed,cel8_255,↗ ↘ ↖ ↙ ↑ ↓ → ←,89.55002337540907,-0.1133707339878498
structured,isolated_timing,onset_directed,cel8_255_lw,↗ ↘ ↖ ↙ ↑ ↓ → ← + LW,90.55165965404395,0.8882655446470322
structured,isolated_joint,joint_directed,cel8_001,↗,85.79892142688628,-1.0362704112996168
structured,isolated_joint,joint_directed,cel8_001_lw,↗ + LW,90.06161667854835,3.226424840362463
structured,isolated_joint,joint_directed,cel8_002,↘,88.72325421842373,1.8880623802378427
structured,isolated_joint,joint_directed,cel8_002_lw,↘ + LW,88.99806977633303,2.1628779381471315
structured,isolated_joint,joint_directed,cel8_003,↗ ↘,87.92590674666427,1.0907149084783936
structured,isolated_joint,joint_directed,cel8_003_lw,↗ ↘ + LW,90.40570109548321,3.5705092572973216
structured,isolated_joint,joint_directed,cel8_004,↖,82.044352000108,-4.790839838077873
structured,isolated_joint,joint_directed,cel8_004_lw,↖ + LW,85.2561223344197,-1.5790695037661866
structured,isolated_joint,joint_directed,cel8_005,↗ ↖,85.36824917420488,-1.4669426639810053
structured,isolated_joint,joint_directed,cel8_005_lw,↗ ↖ + LW,88.91708450943993,2.081892671254057
structured,isolated_joint,joint_directed,cel8_006,↘ ↖,85.27408449395783,-1.5611073442280632
structured,isolated_joint,joint_directed,cel8_006_lw,↘ ↖ + LW,88.78119075692577,1.9459989187398774
structured,isolated_joint,joint_directed,cel8_007,↗ ↘ ↖,86.48432020907491,-0.3508716291109659
structured,isolated_joint,joint_directed,cel8_007_lw,↗ ↘ ↖ + LW,89.69660242649155,2.861410588305671
structured,isolated_joint,joint_directed,cel8_008,↙,86.02345750346413,-0.811734334721767
structured,isolated_joint,joint_directed,cel8_008_lw,↙ + LW,86.14282470545356,-0.6923671327323078
structured,isolated_joint,joint_directed,cel8_009,↗ ↙,88.31995773038805,1.4847658922021751
structured,isolated_joint,joint_directed,cel8_009_lw,↗ ↙ + LW,89.63203648870365,2.796844650517766
structured,isolated_joint,joint_directed,cel8_010,↘ ↙,89.20572042452135,2.3705285863354604
structured,isolated_joint,joint_directed,cel8_010_lw,↘ ↙ + LW,88.8729820426259,2.037790204440018
structured,isolated_joint,joint_directed,cel8_011,↗ ↘ ↙,89.06093897777868,2.225747139592799
structured,isolated_joint,joint_directed,cel8_011_lw,↗ ↘ ↙ + LW,89.73958658405203,2.904394745866137
structured,isolated_joint,joint_directed,cel8_012,↖ ↙,84.04419495674676,-2.790996881439117
structured,isolated_joint,joint_directed,cel8_012_lw,↖ ↙ + LW,86.76259166530772,-0.07260017287816223
structured,isolated_joint,joint_directed,cel8_013,↗ ↖ ↙,85.92077118038911,-0.9144206577967717
structured,isolated_joint,joint_directed,cel8_013_lw,↗ ↖ ↙ + LW,89.16827092399835,2.3330790858124564
structured,isolated_joint,joint_directed,cel8_014,↘ ↖ ↙,86.37695012558348,-0.4582417126024002
structured,isolated_joint,joint_directed,cel8_014_lw,↘ ↖ ↙ + LW,88.7273442398617,1.8921524016758118
structured,isolated_joint,joint_directed,cel8_015,↗ ↘ ↖ ↙,86.83519183818589,0.0
structured,isolated_joint,joint_directed,cel8_015_lw,↗ ↘ ↖ ↙ + LW,89.75658585335185,2.921394015165954
structured,isolated_joint,joint_directed,cel8_016,↑,88.01511544085318,1.1799236026672877
structured,isolated_joint,joint_directed,cel8_016_lw,↑ + LW,87.98467412243522,1.1494822842493368
structured,isolated_joint,joint_directed,cel8_017,↗ ↑,88.95014644612591,2.1149546079400396
structured,isolated_joint,joint_directed,cel8_017_lw,↗ ↑ + LW,91.62035361286752,4.785161774681629
structured,isolated_joint,joint_directed,cel8_018,↘ ↑,90.87815916433206,4.042967326146169
structured,isolated_joint,joint_directed,cel8_018_lw,↘ ↑ + LW,91.28825194280472,4.453060104618844
structured,isolated_joint,joint_directed,cel8_019,↗ ↘ ↑,89.79846978772171,2.963277949535828
structured,isolated_joint,joint_directed,cel8_019_lw,↗ ↘ ↑ + LW,91.53480685392404,4.6996150157381535
structured,isolated_joint,joint_directed,cel8_020,↖ ↑,85.37787548178953,-1.4573163563963487
structured,isolated_joint,joint_directed,cel8_020_lw,↖ ↑ + LW,87.58804545255757,0.7528536143716874
structured,isolated_joint,joint_directed,cel8_021,↗ ↖ ↑,86.79319938303462,-0.04199245515126848
structured,isolated_joint,joint_directed,cel8_021_lw,↗ ↖ ↑ + LW,89.83998958895351,3.0047977507676378
structured,isolated_joint,joint_directed,cel8_022,↘ ↖ ↑,87.48256596592712,0.6473741277412237
structured,isolated_joint,joint_directed,cel8_022_lw,↘ ↖ ↑ + LW,89.54922356205543,2.714031723869545
structured,isolated_joint,joint_directed,cel8_023,↗ ↘ ↖ ↑,87.82107714533207,0.9858853071461837
structured,isolated_joint,joint_directed,cel8_023_lw,↗ ↘ ↖ ↑ + LW,90.17763970440869,3.3424478662227948
structured,isolated_joint,joint_directed,cel8_024,↙ ↑,90.10040789835155,3.2652160601656766
structured,isolated_joint,joint_directed,cel8_024_lw,↙ ↑ + LW,88.82661531805492,1.991423479869045
structured,isolated_joint,joint_directed,cel8_025,↗ ↙ ↑,89.81514966331072,2.979957825124835
structured,isolated_joint,joint_directed,cel8_025_lw,↗ ↙ ↑ + LW,90.85576981831979,4.020577980133905
structured,isolated_joint,joint_directed,cel8_026,↘ ↙ ↑,91.0990964402007,4.263904602014818
structured,isolated_joint,joint_directed,cel8_026_lw,↘ ↙ ↑ + LW,89.98250245883017,3.1473106206442862
structured,isolated_joint,joint_directed,cel8_027,↗ ↘ ↙ ↑,90.4983364642672,3.6631446260813023
structured,isolated_joint,joint_directed,cel8_027_lw,↗ ↘ ↙ ↑ + LW,90.77141051755481,3.936218679368922
structured,isolated_joint,joint_directed,cel8_028,↖ ↙ ↑,86.53552708027912,-0.29966475790676184
structured,isolated_joint,joint_directed,cel8_028_lw,↖ ↙ ↑ + LW,87.88608187223039,1.0508900340445049
structured,isolated_joint,joint_directed,cel8_029,↗ ↖ ↙ ↑,87.38888989405149,0.5536980558656063
structured,isolated_joint,joint_directed,cel8_029_lw,↗ ↖ ↙ ↑ + LW,89.69830646817122,2.8631146299853305
structured,isolated_joint,joint_directed,cel8_030,↘ ↖ ↙ ↑,87.88577924728756,1.050587409101675
structured,isolated_joint,joint_directed,cel8_030_lw,↘ ↖ ↙ ↑ + LW,89.20018389695463,2.364992058768736
structured,isolated_joint,joint_directed,cel8_031,↗ ↘ ↖ ↙ ↑,88.12778763454811,1.2925957963622197
structured,isolated_joint,joint_directed,cel8_031_lw,↗ ↘ ↖ ↙ ↑ + LW,90.0973966965858,3.2622048583999113
structured,isolated_joint,joint_directed,cel8_032,↓,81.11426710169727,-5.7209247364886195
structured,isolated_joint,joint_directed,cel8_032_lw,↓ + LW,85.38309026375842,-1.4521015744274641
structured,isolated_joint,joint_directed,cel8_033,↗ ↓,87.52632307576218,0.6911312375762979
structured,isolated_joint,joint_directed,cel8_033_lw,↗ ↓ + LW,91.53070657953062,4.695514741344733
structured,isolated_joint,joint_directed,cel8_034,↘ ↓,88.97278350983177,2.1375916716458776
structured,isolated_joint,joint_directed,cel8_034_lw,↘ ↓ + LW,90.9543418832935,4.119150045107606
structured,isolated_joint,joint_directed,cel8_035,↗ ↘ ↓,88.61352538938455,1.7783335511986742
structured,isolated_joint,joint_directed,cel8_035_lw,↗ ↘ ↓ + LW,91.62316477661547,4.787972938429591
structured,isolated_joint,joint_directed,cel8_036,↖ ↓,83.26419086448256,-3.5710009737033284
structured,isolated_joint,joint_directed,cel8_036_lw,↖ ↓ + LW,87.97509343537524,1.1399015971893496
structured,isolated_joint,joint_directed,cel8_037,↗ ↖ ↓,85.7935263290956,-1.0416655090902727
structured,isolated_joint,joint_directed,cel8_037_lw,↗ ↖ ↓ + LW,89.95888851076164,3.1236966725757513
structured,isolated_joint,joint_directed,cel8_038,↘ ↖ ↓,86.0910537866242,-0.7441380515616935
structured,isolated_joint,joint_directed,cel8_038_lw,↘ ↖ ↓ + LW,89.84456264247459,3.0093708042886966
structured,isolated_joint,joint_directed,cel8_039,↗ ↘ ↖ ↓,86.77562253579394,-0.059569302391943024
structured,isolated_joint,joint_directed,cel8_039_lw,↗ ↘ ↖ ↓ + LW,90.29644109412904,3.461249255943144
structured,isolated_joint,joint_directed,cel8_040,↙ ↓,86.87456145513409,0.039369616948209396
structured,isolated_joint,joint_directed,cel8_040_lw,↙ ↓ + LW,88.51895271178591,1.6837608736000291
structured,isolated_joint,joint_directed,cel8_041,↗ ↙ ↓,88.63393362784741,1.7987417896615232
structured,isolated_joint,joint_directed,cel8_041_lw,↗ ↙ ↓ + LW,90.76476632332673,3.929574485140852
structured,isolated_joint,joint_directed,cel8_042,↘ ↙ ↓,89.08370044065656,2.2485086024706695
structured,isolated_joint,joint_directed,cel8_042_lw,↘ ↙ ↓ + LW,89.85735301872808,3.022161180542188
structured,isolated_joint,joint_directed,cel8_043,↗ ↘ ↙ ↓,89.60757246235201,2.7723806241661153
structured,isolated_joint,joint_directed,cel8_043_lw,↗ ↘ ↙ ↓ + LW,90.62191373057554,3.7867218923896635
structured,isolated_joint,joint_directed,cel8_044,↖ ↙ ↓,84.8148256074347,-2.020366230751189
structured,isolated_joint,joint_directed,cel8_044_lw,↖ ↙ ↓ + LW,88.28984704201471,1.4546552038288307
structured,isolated_joint,joint_directed,cel8_045,↗ ↖ ↙ ↓,86.20283979382599,-0.6323520443599046
structured,isolated_joint,joint_directed,cel8_045_lw,↗ ↖ ↙ ↓ + LW,89.7776496349164,2.942457796730519
structured,isolated_joint,joint_directed,cel8_046,↘ ↖ ↙ ↓,86.67850643235016,-0.15668540583571866
structured,isolated_joint,joint_directed,cel8_046_lw,↘ ↖ ↙ ↓ + LW,89.3630280258525,2.5278361876666153
structured,isolated_joint,joint_directed,cel8_047,↗ ↘ ↖ ↙ ↓,87.21192825461554,0.37673641642966826
structured,isolated_joint,joint_directed,cel8_047_lw,↗ ↘ ↖ ↙ ↓ + LW,90.15256636177168,3.3173745235857894
structured,isolated_joint,joint_directed,cel8_048,↑ ↓,87.38580549890563,0.5506136607197482
structured,isolated_joint,joint_directed,cel8_048_lw,↑ ↓ + LW,87.23724192858944,0.4020500904035468
structured,isolated_joint,joint_directed,cel8_049,↗ ↑ ↓,89.00290918764244,2.1677173494565576
structured,isolated_joint,joint_directed,cel8_049_lw,↗ ↑ ↓ + LW,91.68466168843527,4.849469850249383
structured,isolated_joint,joint_directed,cel8_050,↘ ↑ ↓,90.1488950066882,3.3137031685023355
structured,isolated_joint,joint_directed,cel8_050_lw,↘ ↑ ↓ + LW,91.22731984539384,4.392128007207955
structured,isolated_joint,joint_directed,cel8_051,↗ ↘ ↑ ↓,89.8766574994918,3.041465661305909
structured,isolated_joint,joint_directed,cel8_051_lw,↗ ↘ ↑ ↓ + LW,92.07139678452177,5.2362049463358815
structured,isolated_joint,joint_directed,cel8_052,↖ ↑ ↓,85.84845704487576,-0.9867347933101289
structured,isolated_joint,joint_directed,cel8_052_lw,↖ ↑ ↓ + LW,88.82520887119047,1.9900170330045819
structured,isolated_joint,joint_directed,cel8_053,↗ ↖ ↑ ↓,87.12413840276136,0.28894656457547907
structured,isolated_joint,joint_directed,cel8_053_lw,↗ ↖ ↑ ↓ + LW,90.62421619806565,3.789024359879764
structured,isolated_joint,joint_directed,cel8_054,↘ ↖ ↑ ↓,87.79850911305596,0.9633172748700763
structured,isolated_joint,joint_directed,cel8_054_lw,↘ ↖ ↑ ↓ + LW,90.18821035144566,3.3530185132597783
structured,isolated_joint,joint_directed,cel8_055,↗ ↘ ↖ ↑ ↓,87.98785594528769,1.152664107101803
structured,isolated_joint,joint_directed,cel8_055_lw,↗ ↘ ↖ ↑ ↓ + LW,90.75544341694915,3.9202515787632732
structured,isolated_joint,joint_directed,cel8_056,↙ ↑ ↓,89.76509903744694,2.9299071992610504
structured,isolated_joint,joint_directed,cel8_056_lw,↙ ↑ ↓ + LW,89.51748969503063,2.682297856844748
structured,isolated_joint,joint_directed,cel8_057,↗ ↙ ↑ ↓,89.68048897442222,2.845297136236316
structured,isolated_joint,joint_directed,cel8_057_lw,↗ ↙ ↑ ↓ + LW,91.47838349400175,4.643191655815862
structured,isolated_joint,joint_directed,cel8_058,↘ ↙ ↑ ↓,90.51262647550647,3.677434637320573
structured,isolated_joint,joint_directed,cel8_058_lw,↘ ↙ ↑ ↓ + LW,90.3229535972124,3.4877617590265366
structured,isolated_joint,joint_directed,cel8_059,↗ ↘ ↙ ↑ ↓,90.45486871865043,3.6196768804645507
structured,isolated_joint,joint_directed,cel8_059_lw,↗ ↘ ↙ ↑ ↓ + LW,91.19106331136103,4.355871473175147
structured,isolated_joint,joint_directed,cel8_060,↖ ↙ ↑ ↓,86.76552484522631,-0.06966699295958834
structured,isolated_joint,joint_directed,cel8_060_lw,↖ ↙ ↑ ↓ + LW,88.95872061801101,2.123528779825126
structured,isolated_joint,joint_directed,cel8_061,↗ ↖ ↙ ↑ ↓,87.7198354759109,0.8846436377250161
structured,isolated_joint,joint_directed,cel8_061_lw,↗ ↖ ↙ ↑ ↓ + LW,89.99505840530855,3.159866567122671
structured,isolated_joint,joint_directed,cel8_062,↘ ↖ ↙ ↑ ↓,88.22241476529086,1.387222927104978
structured,isolated_joint,joint_directed,cel8_062_lw,↘ ↖ ↙ ↑ ↓ + LW,89.73696602888177,2.901774190695891
structured,isolated_joint,joint_directed,cel8_063,↗ ↘ ↖ ↙ ↑ ↓,88.42146498894002,1.5862731507541334
structured,isolated_joint,joint_directed,cel8_063_lw,↗ ↘ ↖ ↙ ↑ ↓ + LW,90.4121241683733,3.576932330187424
structured,isolated_joint,joint_directed,cel8_064,→,76.71512792218633,-10.120063915999555
structured,isolated_joint,joint_directed,cel8_064_lw,→ + LW,77.43986679549168,-9.395325042694203
structured,isolated_joint,joint_directed,cel8_065,↗ →,87.452802175245,0.6176103370591185
structured,isolated_joint,joint_directed,cel8_065_lw,↗ → + LW,88.46150875484506,1.6263169166591736
structured,isolated_joint,joint_directed,cel8_066,↘ →,85.12940075928188,-1.705791078904012
structured,isolated_joint,joint_directed,cel8_066_lw,↘ → + LW,87.49867121931248,0.6634793811265971
structured,isolated_joint,joint_directed,cel8_067,↗ ↘ →,88.8802000709033,2.0450082327174046
structured,isolated_joint,joint_directed,cel8_067_lw,↗ ↘ → + LW,90.31568370357962,3.480491865393745
structured,isolated_joint,joint_directed,cel8_068,↖ →,84.47281935146995,-2.3623724867159384
structured,isolated_joint,joint_directed,cel8_068_lw,↖ → + LW,87.18056157914612,0.34536974096023854
structured,isolated_joint,joint_directed,cel8_069,↗ ↖ →,86.40524670150451,-0.42994513668136725
structured,isolated_joint,joint_directed,cel8_069_lw,↗ ↖ → + LW,89.7871347179764,2.9519428797905145
structured,isolated_joint,joint_directed,cel8_070,↘ ↖ →,86.80667188605352,-0.028519952132372017
structured,isolated_joint,joint_directed,cel8_070_lw,↘ ↖ → + LW,89.38443573416554,2.5492438959796413
structured,isolated_joint,joint_directed,cel8_071,↗ ↘ ↖ →,87.52417824699785,0.6889864088119646
structured,isolated_joint,joint_directed,cel8_071_lw,↗ ↘ ↖ → + LW,90.15634402215524,3.321152183969353
structured,isolated_joint,joint_directed,cel8_072,↙ →,84.52489215207673,-2.3102996861091434
structured,isolated_joint,joint_directed,cel8_072_lw,↙ → + LW,87.19413721290059,0.3589453747146837
structured,isolated_joint,joint_directed,cel8_073,↗ ↙ →,88.89347860396624,2.0582867657803567
structured,isolated_joint,joint_directed,cel8_073_lw,↗ ↙ → + LW,90.29146497275389,3.4562731345680024
structured,isolated_joint,joint_directed,cel8_074,↘ ↙ →,88.43862741308288,1.6034355748969968
structured,isolated_joint,joint_directed,cel8_074_lw,↘ ↙ → + LW,89.5422024457114,2.707010607525512
structured,isolated_joint,joint_directed,cel8_075,↗ ↘ ↙ →,89.67886049016228,2.8436686519764
structured,isolated_joint,joint_directed,cel8_075_lw,↗ ↘ ↙ → + LW,90.55314892038649,3.7179570822005985
structured,isolated_joint,joint_directed,cel8_076,↖ ↙ →,85.98576543796563,-0.8494264002202628
structured,isolated_joint,joint_directed,cel8_076_lw,↖ ↙ → + LW,88.0943337121666,1.2591418739807125
structured,isolated_joint,joint_directed,cel8_077,↗ ↖ ↙ →,87.25749880505417,0.4223069668682883
structured,isolated_joint,joint_directed,cel8_077_lw,↗ ↖ ↙ → + LW,89.70539588431427,2.8702040461283747
structured,isolated_joint,joint_directed,cel8_078,↘ ↖ ↙ →,87.41906622686764,0.5838743886817599
structured,isolated_joint,joint_directed,cel8_078_lw,↘ ↖ ↙ → + LW,89.40085221100627,2.5656603728203886
structured,isolated_joint,joint_directed,cel8_079,↗ ↘ ↖ ↙ →,87.95367529418013,1.1184834559942431
structured,isolated_joint,joint_directed,cel8_079_lw,↗ ↘ ↖ ↙ → + LW,90.12162130163684,3.2864294634509434
structured,isolated_joint,joint_directed,cel8_080,↑ →,85.22335133804542,-1.6118405001404656
structured,isolated_joint,joint_directed,cel8_080_lw,↑ → + LW,82.64352518140974,-4.191666656776139
structured,isolated_joint,joint_directed,cel8_081,↗ ↑ →,89.31221358116159,2.4770217429757158
structured,isolated_joint,joint_directed,cel8_081_lw,↗ ↑ → + LW,89.89739790678648,3.062206068600601
structured,isolated_joint,joint_directed,cel8_082,↘ ↑ →,88.66336342696341,1.8281715887775274
structured,isolated_joint,joint_directed,cel8_082_lw,↘ ↑ → + LW,89.1519116226483,2.3167197844624288
structured,isolated_joint,joint_directed,cel8_083,↗ ↘ ↑ →,90.10408045380302,3.2688886156171435
structured,isolated_joint,joint_directed,cel8_083_lw,↗ ↘ ↑ → + LW,91.13531154645314,4.300119708267244
structured,isolated_joint,joint_directed,cel8_084,↖ ↑ →,86.80596609265059,-0.029225745535296777
structured,isolated_joint,joint_directed,cel8_084_lw,↖ ↑ → + LW,88.38951172441028,1.5543198862243923
structured,isolated_joint,joint_directed,cel8_085,↗ ↖ ↑ →,87.92979543957402,1.0946036013881388
structured,isolated_joint,joint_directed,cel8_085_lw,↗ ↖ ↑ → + LW,90.34790991482541,3.512718076639518
structured,isolated_joint,joint_directed,cel8_086,↘ ↖ ↑ →,88.47600368698075,1.640811848794868
structured,isolated_joint,joint_directed,cel8_086_lw,↘ ↖ ↑ → + LW,90.04844667200575,3.2132548338198728
structured,isolated_joint,joint_directed,cel8_087,↗ ↘ ↖ ↑ →,88.60580050070355,1.7706086625176671
structured,isolated_joint,joint_directed,cel8_087_lw,↗ ↘ ↖ ↑ → + LW,90.62520562687632,3.790013788690441
structured,isolated_joint,joint_directed,cel8_088,↙ ↑ →,89.05486641658379,2.219674578397901
structured,isolated_joint,joint_directed,cel8_088_lw,↙ ↑ → + LW,88.56604624158389,1.730854403397994
structured,isolated_joint,joint_directed,cel8_089,↗ ↙ ↑ →,90.01635393387572,3.181162095689849
structured,isolated_joint,joint_directed,cel8_089_lw,↗ ↙ ↑ → + LW,90.91011635218784,4.074924514001962
structured,isolated_joint,joint_directed,cel8_090,↘ ↙ ↑ →,90.24057511784032,3.405383279654423
structured,isolated_joint,joint_directed,cel8_090_lw,↘ ↙ ↑ → + LW,90.30874568334983,3.4735538451639374
structured,isolated_joint,joint_directed,cel8_091,↗ ↘ ↙ ↑ →,90.5276831095535,3.6924912713676066
structured,isolated_joint,joint_directed,cel8_091_lw,↗ ↘ ↙ ↑ → + LW,91.0443182460257,4.209126407839806
structured,isolated_joint,joint_directed,cel8_092,↖ ↙ ↑ →,87.64562261330153,0.8104307751156503
structured,isolated_joint,joint_directed,cel8_092_lw,↖ ↙ ↑ → + LW,88.96287820898937,2.127686370803467
structured,isolated_joint,joint_directed,cel8_093,↗ ↖ ↙ ↑ →,88.18079620536294,1.3456043671770472
structured,isolated_joint,joint_directed,cel8_093_lw,↗ ↖ ↙ ↑ → + LW,90.10759165605144,3.272399817865554
structured,isolated_joint,joint_directed,cel8_094,↘ ↖ ↙ ↑ →,88.4494764052203,1.6142845670344048
structured,isolated_joint,joint_directed,cel8_094_lw,↘ ↖ ↙ ↑ → + LW,90.00949607512683,3.1743042369409364
structured,isolated_joint,joint_directed,cel8_095,↗ ↘ ↖ ↙ ↑ →,88.96630669782297,2.1311148596370955
structured,isolated_joint,joint_directed,cel8_095_lw,↗ ↘ ↖ ↙ ↑ → + LW,90.41415279370078,3.578960955514887
structured,isolated_joint,joint_directed,cel8_096,↓ →,81.140946575761,-5.694245262424868
structured,isolated_joint,joint_directed,cel8_096_lw,↓ → + LW,82.63188046925924,-4.203311368926643
structured,isolated_joint,joint_directed,cel8_097,↗ ↓ →,88.33141114515257,1.4962193069666756
structured,isolated_joint,joint_directed,cel8_097_lw,↗ ↓ → + LW,89.66054469006662,2.825352851880722
structured,isolated_joint,joint_directed,cel8_098,↘ ↓ →,86.9865342941715,0.15134245598562301
structured,isolated_joint,joint_directed,cel8_098_lw,↘ ↓ → + LW,89.07354521964552,2.23835338145964
structured,isolated_joint,joint_directed,cel8_099,↗ ↘ ↓ →,89.3476103226767,2.512418484490822
structured,isolated_joint,joint_directed,cel8_099_lw,↗ ↘ ↓ → + LW,91.08115605122337,4.245964213037482
structured,isolated_joint,joint_directed,cel8_100,↖ ↓ →,85.19660620932629,-1.6385856288595846
structured,isolated_joint,joint_directed,cel8_100_lw,↖ ↓ → + LW,88.4551562945785,1.6199644563926112
structured,isolated_joint,joint_directed,cel8_101,↗ ↖ ↓ →,86.65085859875866,-0.18433323942722568
structured,isolated_joint,joint_directed,cel8_101_lw,↗ ↖ ↓ → + LW,90.4208665807846,3.5856747425987074
structured,isolated_joint,joint_directed,cel8_102,↘ ↖ ↓ →,87.3589457993321,0.5237539611462144
structured,isolated_joint,joint_directed,cel8_102_lw,↘ ↖ ↓ → + LW,90.12320031773365,3.2880084795477575
structured,isolated_joint,joint_directed,cel8_103,↗ ↘ ↖ ↓ →,87.84033437386192,1.0051425356760428
structured,isolated_joint,joint_directed,cel8_103_lw,↗ ↘ ↖ ↓ → + LW,90.85608208837805,4.020890250192149
structured,isolated_joint,joint_directed,cel8_104,↙ ↓ →,86.40370528266689,-0.43148655551897563
structured,isolated_joint,joint_directed,cel8_104_lw,↙ ↓ → + LW,88.54383255861664,1.7086407204307568
structured,isolated_joint,joint_directed,cel8_105,↗ ↙ ↓ →,89.23918215363771,2.4039903154518427
structured,isolated_joint,joint_directed,cel8_105_lw,↗ ↙ ↓ → + LW,90.9562178308055,4.121025992619609
structured,isolated_joint,joint_directed,cel8_106,↘ ↙ ↓ →,88.80180513079125,1.9666132926053597
structured,isolated_joint,joint_directed,cel8_106_lw,↘ ↙ ↓ → + LW,90.44846654386212,3.6132747056762504
structured,isolated_joint,joint_directed,cel8_107,↗ ↘ ↙ ↓ →,89.89662645558118,3.061434617395306
structured,isolated_joint,joint_directed,cel8_107_lw,↗ ↘ ↙ ↓ → + LW,90.99951562738305,4.164323789197169
structured,isolated_joint,joint_directed,cel8_108,↖ ↙ ↓ →,86.3123053134324,-0.5228865247534825
structured,isolated_joint,joint_directed,cel8_108_lw,↖ ↙ ↓ → + LW,89.05471167959033,2.219519841404438
structured,isolated_joint,joint_directed,cel8_109,↗ ↖ ↙ ↓ →,87.5294042097105,0.6942123715246218
structured,isolated_joint,joint_directed,cel8_109_lw,↗ ↖ ↙ ↓ → + LW,90.24268465323314,3.4074928150472585
structured,isolated_joint,joint_directed,cel8_110,↘ ↖ ↙ ↓ →,87.76237415969742,0.9271823215115382
structured,isolated_joint,joint_directed,cel8_110_lw,↘ ↖ ↙ ↓ → + LW,90.05238921832857,3.2171973801426947
structured,isolated_joint,joint_directed,cel8_111,↗ ↘ ↖ ↙ ↓ →,88.25188042117786,1.4166885829919789
structured,isolated_joint,joint_directed,cel8_111_lw,↗ ↘ ↖ ↙ ↓ → + LW,90.58671835598851,3.7515265178026196
structured,isolated_joint,joint_directed,cel8_112,↑ ↓ →,86.08863335055078,-0.7465584876350989
structured,isolated_joint,joint_directed,cel8_112_lw,↑ ↓ → + LW,84.8765500685139,-1.9586417696719955
structured,isolated_joint,joint_directed,cel8_113,↗ ↑ ↓ →,89.602812202987,2.7676203648011155
structured,isolated_joint,joint_directed,cel8_113_lw,↗ ↑ ↓ → + LW,90.37120504826154,3.5360132100756587
structured,isolated_joint,joint_directed,cel8_114,↘ ↑ ↓ →,89.17652566279334,2.3413338246074558
structured,isolated_joint,joint_directed,cel8_114_lw,↘ ↑ ↓ → + LW,89.83879290544566,3.0036010672597757
structured,isolated_joint,joint_directed,cel8_115,↗ ↘ ↑ ↓ →,90.26054146597974,3.4253496277938527
structured,isolated_joint,joint_directed,cel8_115_lw,↗ ↘ ↑ ↓ → + LW,91.33780381721324,4.502611979027366
structured,isolated_joint,joint_directed,cel8_116,↖ ↑ ↓ →,87.14558498831747,0.31039315013157154
structured,isolated_joint,joint_directed,cel8_116_lw,↖ ↑ ↓ → + LW,89.37615177499636,2.5409599368104745
structured,isolated_joint,joint_directed,cel8_117,↗ ↖ ↑ ↓ →,88.0416557348904,1.2064638967045183
structured,isolated_joint,joint_directed,cel8_117_lw,↗ ↖ ↑ ↓ → + LW,90.88660704986937,4.0514152116834925
structured,isolated_joint,joint_directed,cel8_118,↘ ↖ ↑ ↓ →,88.69339069776785,1.858198859581961
structured,isolated_joint,joint_directed,cel8_118_lw,↘ ↖ ↑ ↓ → + LW,90.760273651758,3.9250818135721124
structured,isolated_joint,joint_directed,cel8_119,↗ ↘ ↖ ↑ ↓ →,88.86694085677229,2.0317490185863987
structured,isolated_joint,joint_directed,cel8_119_lw,↗ ↘ ↖ ↑ ↓ → + LW,91.0157109325523,4.180519094366408
structured,isolated_joint,joint_directed,cel8_120,↙ ↑ ↓ →,89.31129493675869,2.4761030985727963
structured,isolated_joint,joint_directed,cel8_120_lw,↙ ↑ ↓ → + LW,89.47902718853284,2.6438353503469654
structured,isolated_joint,joint_directed,cel8_121,↗ ↙ ↑ ↓ →,90.0183510970265,3.1831592588406066
structured,isolated_joint,joint_directed,cel8_121_lw,↗ ↙ ↑ ↓ → + LW,91.34160787683207,4.506416038646178
structured,isolated_joint,joint_directed,cel8_122,↘ ↙ ↑ ↓ →,90.16240911331779,3.3272172751319107
structured,isolated_joint,joint_directed,cel8_122_lw,↘ ↙ ↑ ↓ → + LW,90.7490628070813,3.913870968895408
structured,isolated_joint,joint_directed,cel8_123,↗ ↘ ↙ ↑ ↓ →,90.5978283096249,3.7626364714390292
structured,isolated_joint,joint_directed,cel8_123_lw,↗ ↘ ↙ ↑ ↓ → + LW,91.26124801541366,4.426056177227777
structured,isolated_joint,joint_directed,cel8_124,↖ ↙ ↑ ↓ →,87.8143539095211,0.9791620713352239
structured,isolated_joint,joint_directed,cel8_124_lw,↖ ↙ ↑ ↓ → + LW,89.79237709949828,2.9571852613124032
structured,isolated_joint,joint_directed,cel8_125,↗ ↖ ↙ ↑ ↓ →,88.509962463603,1.6747706254171157
structured,isolated_joint,joint_directed,cel8_125_lw,↗ ↖ ↙ ↑ ↓ → + LW,90.59267794061643,3.7574861024305406
structured,isolated_joint,joint_directed,cel8_126,↘ ↖ ↙ ↑ ↓ →,88.87506229857946,2.0398704603935864
structured,isolated_joint,joint_directed,cel8_126_lw,↘ ↖ ↙ ↑ ↓ → + LW,90.48308049218961,3.6478886540037196
structured,isolated_joint,joint_directed,cel8_127,↗ ↘ ↖ ↙ ↑ ↓ →,89.21438029994788,2.3791884617619887
structured,isolated_joint,joint_directed,cel8_127_lw,↗ ↘ ↖ ↙ ↑ ↓ → + LW,90.78373272944778,3.9485408912618953
structured,isolated_joint,joint_directed,cel8_128,←,75.72511971690041,-11.11007212128546
structured,isolated_joint,joint_directed,cel8_128_lw,← + LW,76.16202797141558,-10.673163866770311
structured,isolated_joint,joint_directed,cel8_129,↗ ←,86.51139404266222,-0.32379779552366705
structured,isolated_joint,joint_directed,cel8_129_lw,↗ ← + LW,86.76815485172975,-0.06703698645613432
structured,isolated_joint,joint_directed,cel8_130,↘ ←,84.01912129319878,-2.8160705449871064
structured,isolated_joint,joint_directed,cel8_130_lw,↘ ← + LW,86.04853525516648,-0.7866565830193989
structured,isolated_joint,joint_directed,cel8_131,↗ ↘ ←,88.09843781692012,1.2632459787342398
structured,isolated_joint,joint_directed,cel8_131_lw,↗ ↘ ← + LW,88.74802919543822,1.912837357252331
structured,isolated_joint,joint_directed,cel8_132,↖ ←,84.24126431928995,-2.5939275188959194
structured,isolated_joint,joint_directed,cel8_132_lw,↖ ← + LW,86.11081949331182,-0.7243723448740635
structured,isolated_joint,joint_directed,cel8_133,↗ ↖ ←,86.25079176231117,-0.5844000758747192
structured,isolated_joint,joint_directed,cel8_133_lw,↗ ↖ ← + LW,88.8462736414511,2.011081803265222
structured,isolated_joint,joint_directed,cel8_134,↘ ↖ ←,86.6247208627254,-0.21047097546049998
structured,isolated_joint,joint_directed,cel8_134_lw,↘ ↖ ← + LW,88.67346875364409,1.8382769154582008
structured,isolated_joint,joint_directed,cel8_135,↗ ↘ ↖ ←,87.4706977211781,0.6355058829922156
structured,isolated_joint,joint_directed,cel8_135_lw,↗ ↘ ↖ ← + LW,89.4429471609975,2.607755322811614
structured,isolated_joint,joint_directed,cel8_136,↙ ←,84.26159160019714,-2.5736002379887517
structured,isolated_joint,joint_directed,cel8_136_lw,↙ ← + LW,85.77526710702091,-1.0599247311649795
structured,isolated_joint,joint_directed,cel8_137,↗ ↙ ←,88.37629272271063,1.5411008845247487
structured,isolated_joint,joint_directed,cel8_137_lw,↗ ↙ ← + LW,89.0924759390895,2.2572841009036115
structured,isolated_joint,joint_directed,cel8_138,↘ ↙ ←,87.72768910738485,0.8924972691989663
structured,isolated_joint,joint_directed,cel8_138_lw,↘ ↙ ← + LW,88.6180099958693,1.7828181576834135
structured,isolated_joint,joint_directed,cel8_139,↗ ↘ ↙ ←,89.23175956488777,2.3965677267018872
structured,isolated_joint,joint_directed,cel8_139_lw,↗ ↘ ↙ ← + LW,89.75852830496224,2.9233364667763553
structured,isolated_joint,joint_directed,cel8_140,↖ ↙ ←,85.52482815161508,-1.3103636865708035
structured,isolated_joint,joint_directed,cel8_140_lw,↖ ↙ ← + LW,87.36630897985438,0.531117141668494
structured,isolated_joint,joint_directed,cel8_141,↗ ↖ ↙ ←,86.90555099010393,0.07035915191804798
structured,isolated_joint,joint_directed,cel8_141_lw,↗ ↖ ↙ ← + LW,89.08537733776645,2.2501854995805703
structured,isolated_joint,joint_directed,cel8_142,↘ ↖ ↙ ←,87.33039818548177,0.49520634729588453
structured,isolated_joint,joint_directed,cel8_142_lw,↘ ↖ ↙ ← + LW,88.75078705905243,1.915595220866545
structured,isolated_joint,joint_directed,cel8_143,↗ ↘ ↖ ↙ ←,87.75210071374732,0.9169088755614396
structured,isolated_joint,joint_directed,cel8_143_lw,↗ ↘ ↖ ↙ ← + LW,89.48202744001394,2.6468356018280517
structured,isolated_joint,joint_directed,cel8_144,↑ ←,84.92532727340325,-1.9098645647826347
structured,isolated_joint,joint_directed,cel8_144_lw,↑ ← + LW,81.4689317301039,-5.366260108081978
structured,isolated_joint,joint_directed,cel8_145,↗ ↑ ←,88.38203044608959,1.5468386079037084
structured,isolated_joint,joint_directed,cel8_145_lw,↗ ↑ ← + LW,87.97206907968588,1.1368772414999895
structured,isolated_joint,joint_directed,cel8_146,↘ ↑ ←,87.50373258545734,0.6685407472714455
structured,isolated_joint,joint_directed,cel8_146_lw,↘ ↑ ← + LW,87.33032868721213,0.49513684902625366
structured,isolated_joint,joint_directed,cel8_147,↗ ↘ ↑ ←,89.37820853358187,2.5430166953959805
structured,isolated_joint,joint_directed,cel8_147_lw,↗ ↘ ↑ ← + LW,89.47251480280104,2.6373229646151684
structured,isolated_joint,joint_directed,cel8_148,↖ ↑ ←,86.92304664140865,0.0878548032227644
structured,isolated_joint,joint_directed,cel8_148_lw,↖ ↑ ← + LW,87.78412997385396,0.948938135668087
structured,isolated_joint,joint_directed,cel8_149,↗ ↖ ↑ ←,87.75758610516458,0.9223942669786961
structured,isolated_joint,joint_directed,cel8_149_lw,↗ ↖ ↑ ← + LW,89.57798843626486,2.742796598078978
structured,isolated_joint,joint_directed,cel8_150,↘ ↖ ↑ ←,88.20041875591036,1.3652269177244714
structured,isolated_joint,joint_directed,cel8_150_lw,↘ ↖ ↑ ← + LW,89.57237090223742,2.7371790640515368
structured,isolated_joint,joint_directed,cel8_151,↗ ↘ ↖ ↑ ←,88.67076859146398,1.8355767532781035
structured,isolated_joint,joint_directed,cel8_151_lw,↗ ↘ ↖ ↑ ← + LW,89.78985394422072,2.9546621060348333
structured,isolated_joint,joint_directed,cel8_152,↙ ↑ ←,88.33739536398679,1.5022035258008937
structured,isolated_joint,joint_directed,cel8_152_lw,↙ ↑ ← + LW,87.88809017603344,1.0528983378475605
structured,isolated_joint,joint_directed,cel8_153,↗ ↙ ↑ ←,89.47424462676118,2.639052788575297
structured,isolated_joint,joint_directed,cel8_153_lw,↗ ↙ ↑ ← + LW,90.01524164249541,3.1800498043095176
structured,isolated_joint,joint_directed,cel8_154,↘ ↙ ↑ ←,89.31644632842013,2.481254490234244
structured,isolated_joint,joint_directed,cel8_154_lw,↘ ↙ ↑ ← + LW,89.19463516998547,2.359443331799585
structured,isolated_joint,joint_directed,cel8_155,↗ ↘ ↙ ↑ ←,90.13275429011505,3.2975624519291564
structured,isolated_joint,joint_directed,cel8_155_lw,↗ ↘ ↙ ↑ ← + LW,90.22728937283749,3.3920975346516142
structured,isolated_joint,joint_directed,cel8_156,↖ ↙ ↑ ←,87.57247806308304,0.7372862248971518
structured,isolated_joint,joint_directed,cel8_156_lw,↖ ↙ ↑ ← + LW,88.67764288980817,1.8424510516222874
structured,isolated_joint,joint_directed,cel8_157,↗ ↖ ↙ ↑ ←,88.2672522969615,1.4320604587756165
structured,isolated_joint,joint_directed,cel8_157_lw,↗ ↖ ↙ ↑ ← + LW,89.7084250087029,2.87323317051702
structured,isolated_joint,joint_directed,cel8_158,↘ ↖ ↙ ↑ ←,88.47773010207587,1.642538263889981
structured,isolated_joint,joint_directed,cel8_158_lw,↘ ↖ ↙ ↑ ← + LW,89.45112385370109,2.615932015515204
structured,isolated_joint,joint_directed,cel8_159,↗ ↘ ↖ ↙ ↑ ←,88.84936462206292,2.0141727838770276
structured,isolated_joint,joint_directed,cel8_159_lw,↗ ↘ ↖ ↙ ↑ ← + LW,89.75677475135997,2.921582913174076
structured,isolated_joint,joint_directed,cel8_160,↓ ←,80.47378465600072,-6.361407182185166
structured,isolated_joint,joint_directed,cel8_160_lw,↓ ← + LW,81.4488253404035,-5.386366497782369
structured,isolated_joint,joint_directed,cel8_161,↗ ↓ ←,87.43781191923252,0.6026200810466481
structured,isolated_joint,joint_directed,cel8_161_lw,↗ ↓ ← + LW,87.88051457223402,1.045322734048132
structured,isolated_joint,joint_directed,cel8_162,↘ ↓ ←,85.57096528660225,-1.264226551583647
structured,isolated_joint,joint_directed,cel8_162_lw,↘ ↓ ← + LW,87.14118318048578,0.30599134229988556
structured,isolated_joint,joint_directed,cel8_163,↗ ↘ ↓ ←,88.53388076096643,1.6986889227805446
structured,isolated_joint,joint_directed,cel8_163_lw,↗ ↘ ↓ ← + LW,89.3676904580095,2.53249861982362
structured,isolated_joint,joint_directed,cel8_164,↖ ↓ ←,85.11064702005045,-1.7245448181354344
structured,isolated_joint,joint_directed,cel8_164_lw,↖ ↓ ← + LW,87.69103131342749,0.8558394752416015
structured,isolated_joint,joint_directed,cel8_165,↗ ↖ ↓ ←,86.77902315932255,-0.05616867886333865
structured,isolated_joint,joint_directed,cel8_165_lw,↗ ↖ ↓ ← + LW,89.74767729210849,2.912485453922606
structured,isolated_joint,joint_directed,cel8_166,↘ ↖ ↓ ←,87.14093127104422,0.3057394328583346
structured,isolated_joint,joint_directed,cel8_166_lw,↘ ↖ ↓ ← + LW,89.49812265734872,2.66293081916284
structured,isolated_joint,joint_directed,cel8_167,↗ ↘ ↖ ↓ ←,87.91941202352355,1.0842201853376532
structured,isolated_joint,joint_directed,cel8_167_lw,↗ ↘ ↖ ↓ ← + LW,89.79214914269474,2.9569573045088586
structured,isolated_joint,joint_directed,cel8_168,↙ ↓ ←,86.18726553410451,-0.6479263040813588
structured,isolated_joint,joint_directed,cel8_168_lw,↙ ↓ ← + LW,87.68688946537615,0.8516976271902787
structured,isolated_joint,joint_directed,cel8_169,↗ ↙ ↓ ←,88.84413346239297,2.008941624207092
structured,isolated_joint,joint_directed,cel8_169_lw,↗ ↙ ↓ ← + LW,89.77844696031447,2.94325512212858
structured,isolated_joint,joint_directed,cel8_170,↘ ↙ ↓ ←,88.1544731197879,1.3192812816020112
structured,isolated_joint,joint_directed,cel8_170_lw,↘ ↙ ↓ ← + LW,89.18992282694964,2.354730988763745
structured,isolated_joint,joint_directed,cel8_171,↗ ↘ ↙ ↓ ←,89.47454359827792,2.6393517600920346
structured,isolated_joint,joint_directed,cel8_171_lw,↗ ↘ ↙ ↓ ← + LW,90.17111128584601,3.3359194476601237
structured,isolated_joint,joint_directed,cel8_172,↖ ↙ ↓ ←,86.25644130830791,-0.578750529877986
structured,isolated_joint,joint_directed,cel8_172_lw,↖ ↙ ↓ ← + LW,88.7315920809127,1.8964002427268256
structured,isolated_joint,joint_directed,cel8_173,↗ ↖ ↙ ↓ ←,87.33055123978397,0.4953594015980861
structured,isolated_joint,joint_directed,cel8_173_lw,↗ ↖ ↙ ↓ ← + LW,89.73078779704355,2.895595958857658
structured,isolated_joint,joint_directed,cel8_174,↘ ↖ ↙ ↓ ←,87.61415427747494,0.7789624392890521
structured,isolated_joint,joint_directed,cel8_174_lw,↘ ↖ ↙ ↓ ← + LW,89.4750390360247,2.6398471978388125
structured,isolated_joint,joint_directed,cel8_175,↗ ↘ ↖ ↙ ↓ ←,88.01776817592108,1.1825763377351861
structured,isolated_joint,joint_directed,cel8_175_lw,↗ ↘ ↖ ↙ ↓ ← + LW,89.95139706531778,3.116205227131891
structured,isolated_joint,joint_directed,cel8_176,↑ ↓ ←,85.47228340893443,-1.3629084292514582
structured,isolated_joint,joint_directed,cel8_176_lw,↑ ↓ ← + LW,83.70099104511152,-3.134200793074357
structured,isolated_joint,joint_directed,cel8_177,↗ ↑ ↓ ←,88.65828711395129,1.8230952757654073
structured,isolated_joint,joint_directed,cel8_177_lw,↗ ↑ ↓ ← + LW,88.64567494430662,1.810483106120739
structured,isolated_joint,joint_directed,cel8_178,↘ ↑ ↓ ←,87.840257867192,1.0050660290061075
structured,isolated_joint,joint_directed,cel8_178_lw,↘ ↑ ↓ ← + LW,88.10726721768994,1.2720753795040562
structured,isolated_joint,joint_directed,cel8_179,↗ ↘ ↑ ↓ ←,89.57429322245684,2.739101384270959
structured,isolated_joint,joint_directed,cel8_179_lw,↗ ↘ ↑ ↓ ← + LW,89.79762472291273,2.9624328847268373
structured,isolated_joint,joint_directed,cel8_180,↖ ↑ ↓ ←,87.33653755848665,0.501345720300761
structured,isolated_joint,joint_directed,cel8_180_lw,↖ ↑ ↓ ← + LW,88.53507454511332,1.6998827069274385
structured,isolated_joint,joint_directed,cel8_181,↗ ↖ ↑ ↓ ←,88.15438262356126,1.319190785375357
structured,isolated_joint,joint_directed,cel8_181_lw,↗ ↖ ↑ ↓ ← + LW,90.05069380209636,3.215501963910486
structured,isolated_joint,joint_directed,cel8_182,↘ ↖ ↑ ↓ ←,88.54954029746605,1.7143484592801546
structured,isolated_joint,joint_directed,cel8_182_lw,↘ ↖ ↑ ↓ ← + LW,89.86482653002808,3.029634691842209
structured,isolated_joint,joint_directed,cel8_183,↗ ↘ ↖ ↑ ↓ ←,89.02680414922783,2.1916123110419514
structured,isolated_joint,joint_directed,cel8_183_lw,↗ ↘ ↖ ↑ ↓ ← + LW,90.26873585957422,3.433544021388346
structured,isolated_joint,joint_directed,cel8_184,↙ ↑ ↓ ←,88.79366682812935,1.9584749899434621
structured,isolated_joint,joint_directed,cel8_184_lw,↙ ↑ ↓ ← + LW,88.44002464221187,1.6048328040259796
structured,isolated_joint,joint_directed,cel8_185,↗ ↙ ↑ ↓ ←,89.53502341572008,2.6998315775342006
structured,isolated_joint,joint_directed,cel8_185_lw,↗ ↙ ↑ ↓ ← + LW,90.34468478500929,3.5094929468233946
structured,isolated_joint,joint_directed,cel8_186,↘ ↙ ↑ ↓ ←,89.40376369151629,2.5685718533304063
structured,isolated_joint,joint_directed,cel8_186_lw,↘ ↙ ↑ ↓ ← + LW,89.89190300610508,3.056711167919196
structured,isolated_joint,joint_directed,cel8_187,↗ ↘ ↙ ↑ ↓ ←,90.20196208920692,3.366770251021034
structured,isolated_joint,joint_directed,cel8_187_lw,↗ ↘ ↙ ↑ ↓ ← + LW,90.44595129825115,3.6107594600652604
structured,isolated_joint,joint_directed,cel8_188,↖ ↙ ↑ ↓ ←,87.88163038067682,1.046438542490935
structured,isolated_joint,joint_directed,cel8_188_lw,↖ ↙ ↑ ↓ ← + LW,89.25787795790447,2.4226861197185814
structured,isolated_joint,joint_directed,cel8_189,↗ ↖ ↙ ↑ ↓ ←,88.43762245116685,1.6024306129809596
structured,isolated_joint,joint_directed,cel8_189_lw,↗ ↖ ↙ ↑ ↓ ← + LW,89.99778907977925,3.162597241593368
structured,isolated_joint,joint_directed,cel8_190,↘ ↖ ↙ ↑ ↓ ←,88.93210151160613,2.0969096734202495
structured,isolated_joint,joint_directed,cel8_190_lw,↘ ↖ ↙ ↑ ↓ ← + LW,89.94187971356733,3.106687875381453
structured,isolated_joint,joint_directed,cel8_191,↗ ↘ ↖ ↙ ↑ ↓ ←,89.04421284200596,2.2090210038200944
structured,isolated_joint,joint_directed,cel8_191_lw,↗ ↘ ↖ ↙ ↑ ↓ ← + LW,90.10308689712988,3.2678950589440037
structured,isolated_joint,joint_directed,cel8_192,→ ←,77.01098469435769,-9.8242071438282
structured,isolated_joint,joint_directed,cel8_192_lw,→ ← + LW,77.86533796453732,-8.969853873648578
structured,isolated_joint,joint_directed,cel8_193,↗ → ←,85.96072731951969,-0.8744645186661931
structured,isolated_joint,joint_directed,cel8_193_lw,↗ → ← + LW,84.5725884539539,-2.2626033842319844
structured,isolated_joint,joint_directed,cel8_194,↘ → ←,81.86870207977756,-4.966489758408324
structured,isolated_joint,joint_directed,cel8_194_lw,↘ → ← + LW,83.90875277714177,-2.9264390610441033
structured,isolated_joint,joint_directed,cel8_195,↗ ↘ → ←,87.13162046465514,0.2964286264692556
structured,isolated_joint,joint_directed,cel8_195_lw,↗ ↘ → ← + LW,87.4500109288583,0.6148190906724138
structured,isolated_joint,joint_directed,cel8_196,↖ → ←,84.42638665470005,-2.4088051834858346
structured,isolated_joint,joint_directed,cel8_196_lw,↖ → ← + LW,84.7718308982624,-2.0633609399234865
structured,isolated_joint,joint_directed,cel8_197,↗ ↖ → ←,86.7179543983548,-0.1172374398310777
structured,isolated_joint,joint_directed,cel8_197_lw,↗ ↖ → ← + LW,88.38461621775961,1.5494243795737273
structured,isolated_joint,joint_directed,cel8_198,↘ ↖ → ←,86.66042998523885,-0.17476185294703628
structured,isolated_joint,joint_directed,cel8_198_lw,↘ ↖ → ← + LW,88.14933576142468,1.3141439232388001
structured,isolated_joint,joint_directed,cel8_199,↗ ↘ ↖ → ←,87.7590600556928,0.9238682175069179
structured,isolated_joint,joint_directed,cel8_199_lw,↗ ↘ ↖ → ← + LW,89.36832318215609,2.533131343970216
structured,isolated_joint,joint_directed,cel8_200,↙ → ←,82.33854125748759,-4.496650580698286
structured,isolated_joint,joint_directed,cel8_200_lw,↙ → ← + LW,84.43331320188662,-2.4018786362992732
structured,isolated_joint,joint_directed,cel8_201,↗ ↙ → ←,88.13783989983608,1.3026480616501912
structured,isolated_joint,joint_directed,cel8_201_lw,↗ ↙ → ← + LW,88.46057359933148,1.6253817611455919
structured,isolated_joint,joint_directed,cel8_202,↘ ↙ → ←,85.5629044952319,-1.2722873429539843
structured,isolated_joint,joint_directed,cel8_202_lw,↘ ↙ → ← + LW,87.71701250750272,0.8818206693168351
structured,isolated_joint,joint_directed,cel8_203,↗ ↘ ↙ → ←,88.93018328470943,2.094991446523553
structured,isolated_joint,joint_directed,cel8_203_lw,↗ ↘ ↙ → ← + LW,89.31836431864168,2.4831724804558
structured,isolated_joint,joint_directed,cel8_204,↖ ↙ → ←,85.8869142619146,-0.9482775762712864
structured,isolated_joint,joint_directed,cel8_204_lw,↖ ↙ → ← + LW,87.13956990046357,0.30437806227767705
structured,isolated_joint,joint_directed,cel8_205,↗ ↖ ↙ → ←,87.49014672052309,0.6549548823372026
structured,isolated_joint,joint_directed,cel8_205_lw,↗ ↖ ↙ → ← + LW,89.06777191066016,2.232580072474269
structured,isolated_joint,joint_directed,cel8_206,↘ ↖ ↙ → ←,87.30123155176553,0.46603971357963847
structured,isolated_joint,joint_directed,cel8_206_lw,↘ ↖ ↙ → ← + LW,88.82743953412125,1.992247695935373
structured,isolated_joint,joint_directed,cel8_207,↗ ↘ ↖ ↙ → ←,88.15615409304873,1.3209622548628426
structured,isolated_joint,joint_directed,cel8_207_lw,↗ ↘ ↖ ↙ → ← + LW,89.65479409425792,2.819602256072029
structured,isolated_joint,joint_directed,cel8_208,↑ → ←,82.64430991446609,-4.190881923719791
structured,isolated_joint,joint_directed,cel8_208_lw,↑ → ← + LW,79.86013245195012,-6.975059386235757
structured,isolated_joint,joint_directed,cel8_209,↗ ↑ → ←,87.756671570539,0.9214797323530977
structured,isolated_joint,joint_directed,cel8_209_lw,↗ ↑ → ← + LW,86.02445064284001,-0.8107411953458682
structured,isolated_joint,joint_directed,cel8_210,↘ ↑ → ←,85.3523544378805,-1.4828374003053897
structured,isolated_joint,joint_directed,cel8_210_lw,↘ ↑ → ← + LW,85.32807060039013,-1.5071212377957555
structured,isolated_joint,joint_directed,cel8_211,↗ ↘ ↑ → ←,88.57021487110285,1.7350230329169603
structured,isolated_joint,joint_directed,cel8_211_lw,↗ ↘ ↑ → ← + LW,88.11586062494192,1.2806687867560425
structured,isolated_joint,joint_directed,cel8_212,↖ ↑ → ←,86.81325459494498,-0.021937243240907622
structured,isolated_joint,joint_directed,cel8_212_lw,↖ ↑ → ← + LW,86.02298173174032,-0.8122101064455656
structured,isolated_joint,joint_directed,cel8_213,↗ ↖ ↑ → ←,87.84058586239124,1.00539402420535
structured,isolated_joint,joint_directed,cel8_213_lw,↗ ↖ ↑ → ← + LW,88.91166129957051,2.0764694613846197
structured,isolated_joint,joint_directed,cel8_214,↘ ↖ ↑ → ←,88.20700213597199,1.3718102977860998
structured,isolated_joint,joint_directed,cel8_214_lw,↘ ↖ ↑ → ← + LW,88.49450346093168,1.659311622745796
structured,isolated_joint,joint_directed,cel8_215,↗ ↘ ↖ ↑ → ←,88.55395997923692,1.718768141051044
structured,isolated_joint,joint_directed,cel8_215_lw,↗ ↘ ↖ ↑ → ← + LW,89.88951683388564,3.054324995699748
structured,isolated_joint,joint_directed,cel8_216,↙ ↑ → ←,85.63621350731614,-1.1989783308697433
structured,isolated_joint,joint_directed,cel8_216_lw,↙ ↑ → ← + LW,85.84138837343251,-0.9938034647533706
structured,isolated_joint,joint_directed,cel8_217,↗ ↙ ↑ → ←,89.03655553425884,2.201363696072961
structured,isolated_joint,joint_directed,cel8_217_lw,↗ ↙ ↑ → ← + LW,89.09217908912392,2.256987250938025
structured,isolated_joint,joint_directed,cel8_218,↘ ↙ ↑ → ←,87.57865689259164,0.7434650544057397
structured,isolated_joint,joint_directed,cel8_218_lw,↘ ↙ ↑ → ← + LW,88.46068769942164,1.625495861235765
structured,isolated_joint,joint_directed,cel8_219,↗ ↘ ↙ ↑ → ←,89.53223269803038,2.69704085984451
structured,isolated_joint,joint_directed,cel8_219_lw,↗ ↘ ↙ ↑ → ← + LW,89.68470677607323,2.849514937887354
structured,isolated_joint,joint_directed,cel8_220,↖ ↙ ↑ → ←,87.7607626989305,0.9255708607446206
structured,isolated_joint,joint_directed,cel8_220_lw,↖ ↙ ↑ → ← + LW,88.03555268753801,1.2003608493521223
structured,isolated_joint,joint_directed,cel8_221,↗ ↖ ↙ ↑ → ←,88.49908981056593,1.6638979723800462
structured,isolated_joint,joint_directed,cel8_221_lw,↗ ↖ ↙ ↑ → ← + LW,89.60515669969034,2.7699648615044565
structured,isolated_joint,joint_directed,cel8_222,↘ ↖ ↙ ↑ → ←,88.57112383717592,1.7359319989900341
structured,isolated_joint,joint_directed,cel8_222_lw,↘ ↖ ↙ ↑ → ← + LW,89.3837453721842,2.5485535339983016
structured,isolated_joint,joint_directed,cel8_223,↗ ↘ ↖ ↙ ↑ → ←,89.07629187481359,2.2411000366276914
structured,isolated_joint,joint_directed,cel8_223_lw,↗ ↘ ↖ ↙ ↑ → ← + LW,90.0705749055921,3.2353830674062083
structured,isolated_joint,joint_directed,cel8_224,↓ → ←,79.1555249471908,-7.679666890995088
structured,isolated_joint,joint_directed,cel8_224_lw,↓ → ← + LW,80.12685209438722,-6.708339743798667
structured,isolated_joint,joint_directed,cel8_225,↗ ↓ → ←,86.64047080812558,-0.19472103006031027
structured,isolated_joint,joint_directed,cel8_225_lw,↗ ↓ → ← + LW,85.77741889972084,-1.0577729384650292
structured,isolated_joint,joint_directed,cel8_226,↘ ↓ → ←,83.46343639074968,-3.3717554474362146
structured,isolated_joint,joint_directed,cel8_226_lw,↘ ↓ → ← + LW,85.29036706327258,-1.5448247749132977
structured,isolated_joint,joint_directed,cel8_227,↗ ↘ ↓ → ←,87.67480305499431,0.8396112168084252
structured,isolated_joint,joint_directed,cel8_227_lw,↗ ↘ ↓ → ← + LW,88.01573254737501,1.1805407091891318
structured,isolated_joint,joint_directed,cel8_228,↖ ↓ → ←,85.3211059656758,-1.5140858725100903
structured,isolated_joint,joint_directed,cel8_228_lw,↖ ↓ → ← + LW,85.93913140549785,-0.8960604326880284
structured,isolated_joint,joint_directed,cel8_229,↗ ↖ ↓ → ←,87.109525024094,0.27433318590810996
structured,isolated_joint,joint_directed,cel8_229_lw,↗ ↖ ↓ → ← + LW,88.90684099941795,2.0716491612320613
structured,isolated_joint,joint_directed,cel8_230,↘ ↖ ↓ → ←,87.15195400642084,0.3167621682349464
structured,isolated_joint,joint_directed,cel8_230_lw,↘ ↖ ↓ → ← + LW,88.41286290839139,1.5776710702055023
structured,isolated_joint,joint_directed,cel8_231,↗ ↘ ↖ ↓ → ←,88.05767533393555,1.22248349574966
structured,isolated_joint,joint_directed,cel8_231_lw,↗ ↘ ↖ ↓ → ← + LW,89.95807037424066,3.122878536054774
structured,isolated_joint,joint_directed,cel8_232,↙ ↓ → ←,84.03730462229058,-2.797887215895317
structured,isolated_joint,joint_directed,cel8_232_lw,↙ ↓ → ← + LW,85.90117435775258,-0.9340174804333079
structured,isolated_joint,joint_directed,cel8_233,↗ ↙ ↓ → ←,88.43163748370289,1.5964456455170057
structured,isolated_joint,joint_directed,cel8_233_lw,↗ ↙ ↓ → ← + LW,89.00652303093307,2.171331192747189
structured,isolated_joint,joint_directed,cel8_234,↘ ↙ ↓ → ←,86.44823444857401,-0.3869573896118722
structured,isolated_joint,joint_directed,cel8_234_lw,↘ ↙ ↓ → ← + LW,88.31642037208745,1.4812285339015685
structured,isolated_joint,joint_directed,cel8_235,↗ ↘ ↙ ↓ → ←,89.07530362950361,2.240111791317731
structured,isolated_joint,joint_directed,cel8_235_lw,↗ ↘ ↙ ↓ → ← + LW,89.75821687412761,2.9230250359417203
structured,isolated_joint,joint_directed,cel8_236,↖ ↙ ↓ → ←,86.3752833553821,-0.4599084828037975
structured,isolated_joint,joint_directed,cel8_236_lw,↖ ↙ ↓ → ← + LW,87.94879375275306,1.1136019145671776
structured,isolated_joint,joint_directed,cel8_237,↗ ↖ ↙ ↓ → ←,87.59300182372752,0.757809985541627
structured,isolated_joint,joint_directed,cel8_237_lw,↗ ↖ ↙ ↓ → ← + LW,89.58400600165598,2.748814163470095
structured,isolated_joint,joint_directed,cel8_238,↘ ↖ ↙ ↓ → ←,87.76460767119528,0.9294158330093893
structured,isolated_joint,joint_directed,cel8_238_lw,↘ ↖ ↙ ↓ → ← + LW,89.3335482521722,2.4983564139863077
structured,isolated_joint,joint_directed,cel8_239,↗ ↘ ↖ ↙ ↓ → ←,88.43364579349877,1.5984539553128814
structured,isolated_joint,joint_directed,cel8_239_lw,↗ ↘ ↖ ↙ ↓ → ← + LW,90.14148409391707,3.3062922557311913
structured,isolated_joint,joint_directed,cel8_240,↑ ↓ → ←,83.66265290166798,-3.172538936517888
structured,isolated_joint,joint_directed,cel8_240_lw,↑ ↓ → ← + LW,82.1489258711072,-4.686265967078695
structured,isolated_joint,joint_directed,cel8_241,↗ ↑ ↓ → ←,88.02743773088693,1.1922458927010438
structured,isolated_joint,joint_directed,cel8_241_lw,↗ ↑ ↓ → ← + LW,86.85012804363565,0.01493620544975316
structured,isolated_joint,joint_directed,cel8_242,↘ ↑ ↓ → ←,85.85756498846624,-0.9776268497196511
structured,isolated_joint,joint_directed,cel8_242_lw,↘ ↑ ↓ → ← + LW,86.27762042668802,-0.557571411497873
structured,isolated_joint,joint_directed,cel8_243,↗ ↘ ↑ ↓ → ←,88.97724767107175,2.142055832885878
structured,isolated_joint,joint_directed,cel8_243_lw,↗ ↘ ↑ ↓ → ← + LW,88.64327021736072,1.8080783791748405
structured,isolated_joint,joint_directed,cel8_244,↖ ↑ ↓ → ←,87.19293690682586,0.35774506863997524
structured,isolated_joint,joint_directed,cel8_244_lw,↖ ↑ ↓ → ← + LW,86.96751958514002,0.13232774695414173
structured,isolated_joint,joint_directed,cel8_245,↗ ↖ ↑ ↓ → ←,88.1353495498497,1.3001577116638323
structured,isolated_joint,joint_directed,cel8_245_lw,↗ ↖ ↑ ↓ → ← + LW,89.32758614917906,2.492394310993176
structured,isolated_joint,joint_directed,cel8_246,↘ ↖ ↑ ↓ → ←,88.53856604571682,1.7033742075309333
structured,isolated_joint,joint_directed,cel8_246_lw,↘ ↖ ↑ ↓ → ← + LW,88.96690141932359,2.131709581137711
structured,isolated_joint,joint_directed,cel8_247,↗ ↘ ↖ ↑ ↓ → ←,88.80309563588862,1.967903797702744
structured,isolated_joint,joint_directed,cel8_247_lw,↗ ↘ ↖ ↑ ↓ → ← + LW,90.10378343686769,3.268591598681808
structured,isolated_joint,joint_directed,cel8_248,↙ ↑ ↓ → ←,86.30685567013496,-0.5283361680509219
structured,isolated_joint,joint_directed,cel8_248_lw,↙ ↑ ↓ → ← + LW,86.86975746855157,0.03456563036567939
structured,isolated_joint,joint_directed,cel8_249,↗ ↙ ↑ ↓ → ←,89.31408360237195,2.47889176418607
structured,isolated_joint,joint_directed,cel8_249_lw,↗ ↙ ↑ ↓ → ← + LW,89.44842935134078,2.6132375131548895
structured,isolated_joint,joint_directed,cel8_250,↘ ↙ ↑ ↓ → ←,88.03312936424514,1.1979375260592673
structured,isolated_joint,joint_directed,cel8_250_lw,↘ ↙ ↑ ↓ → ← + LW,88.88290496796162,2.047713129775736
structured,isolated_joint,joint_directed,cel8_251,↗ ↘ ↙ ↑ ↓ → ←,89.77582355327912,2.9406317150932395
structured,isolated_joint,joint_directed,cel8_251_lw,↗ ↘ ↙ ↑ ↓ → ← + LW,90.09499945257585,3.2598076143899535
structured,isolated_joint,joint_directed,cel8_252,↖ ↙ ↑ ↓ → ←,87.77679066780217,0.9415988296162914
structured,isolated_joint,joint_directed,cel8_252_lw,↖ ↙ ↑ ↓ → ← + LW,88.66352907251434,1.828337234328456
structured,isolated_joint,joint_directed,cel8_253,↗ ↖ ↙ ↑ ↓ → ←,88.65119855373733,1.8160067155514463
structured,isolated_joint,joint_directed,cel8_253_lw,↗ ↖ ↙ ↑ ↓ → ← + LW,89.82010324757866,2.984911409392768
structured,isolated_joint,joint_directed,cel8_254,↘ ↖ ↙ ↑ ↓ → ←,88.88999803475359,2.0548061965677045
structured,isolated_joint,joint_directed,cel8_254_lw,↘ ↖ ↙ ↑ ↓ → ← + LW,89.7069943524355,2.8718025142496106
structured,isolated_joint,joint_directed,cel8_255,↗ ↘ ↖ ↙ ↑ ↓ → ←,89.18251671692687,2.347324878740981
structured,isolated_joint,joint_directed,cel8_255_lw,↗ ↘ ↖ ↙ ↑ ↓ → ← + LW,90.37247891636167,3.5372870781757744
independent,simultaneous,pitch_directed,cel8_001,↗,65.556640625,-3.490668402777772
independent,simultaneous,pitch_directed,cel8_001_lw,↗ + LW,66.94769965277779,-2.0996093749999947
independent,simultaneous,pitch_directed,cel8_002,↘,69.24262152777777,0.19531250000000278
independent,simultaneous,pitch_directed,cel8_002_lw,↘ + LW,67.78754340277777,-1.2597656250000004
independent,simultaneous,pitch_directed,cel8_003,↗ ↘,66.24565972222223,-2.8016493055555483
independent,simultaneous,pitch_directed,cel8_003_lw,↗ ↘ + LW,67.33832465277777,-1.7089843749999973
independent,simultaneous,pitch_directed,cel8_004,↖,67.69748263888889,-1.3498263888888835
independent,simultaneous,pitch_directed,cel8_004_lw,↖ + LW,68.8205295138889,-0.2267795138888834
independent,simultaneous,pitch_directed,cel8_005,↗ ↖,68.2834201388889,-0.7638888888888834
independent,simultaneous,pitch_directed,cel8_005_lw,↗ ↖ + LW,69.86436631944444,0.8170572916666646
independent,simultaneous,pitch_directed,cel8_006,↘ ↖,68.99739583333333,-0.04991319444444253
independent,simultaneous,pitch_directed,cel8_006_lw,↘ ↖ + LW,70.1736111111111,1.126302083333333
independent,simultaneous,pitch_directed,cel8_007,↗ ↘ ↖,68.69032118055556,-0.3569878472222232
independent,simultaneous,pitch_directed,cel8_007_lw,↗ ↘ ↖ + LW,69.66471354166667,0.617404513888889
independent,simultaneous,pitch_directed,cel8_008,↙,70.06293402777779,1.0156250000000004
independent,simultaneous,pitch_directed,cel8_008_lw,↙ + LW,69.64301215277777,0.5957031249999967
independent,simultaneous,pitch_directed,cel8_009,↗ ↙,68.359375,-0.6879340277777757
independent,simultaneous,pitch_directed,cel8_009_lw,↗ ↙ + LW,69.88281250000001,0.8355034722222265
independent,simultaneous,pitch_directed,cel8_010,↘ ↙,71.63845486111111,2.591145833333333
independent,simultaneous,pitch_directed,cel8_010_lw,↘ ↙ + LW,70.59136284722221,1.5440538194444438
independent,simultaneous,pitch_directed,cel8_011,↗ ↘ ↙,68.837890625,-0.20941840277777513
independent,simultaneous,pitch_directed,cel8_011_lw,↗ ↘ ↙ + LW,69.70811631944444,0.6608072916666735
independent,simultaneous,pitch_directed,cel8_012,↖ ↙,68.06315104166666,-0.9841579861111116
independent,simultaneous,pitch_directed,cel8_012_lw,↖ ↙ + LW,69.34895833333333,0.3016493055555597
independent,simultaneous,pitch_directed,cel8_013,↗ ↖ ↙,68.82486979166667,-0.2224392361111105
independent,simultaneous,pitch_directed,cel8_013_lw,↗ ↖ ↙ + LW,70.25173611111111,1.2044270833333315
independent,simultaneous,pitch_directed,cel8_014,↘ ↖ ↙,69.23719618055556,0.189887152777779
independent,simultaneous,pitch_directed,cel8_014_lw,↘ ↖ ↙ + LW,70.45247395833334,1.4051649305555607
independent,simultaneous,pitch_directed,cel8_015,↗ ↘ ↖ ↙,69.04730902777777,0.0
independent,simultaneous,pitch_directed,cel8_015_lw,↗ ↘ ↖ ↙ + LW,70.31467013888889,1.267361111111115
independent,simultaneous,pitch_directed,cel8_016,↑,61.41493055555556,-7.632378472222223
independent,simultaneous,pitch_directed,cel8_016_lw,↑ + LW,62.046440972222214,-7.000868055555556
independent,simultaneous,pitch_directed,cel8_017,↗ ↑,66.65364583333333,-2.3936631944444455
independent,simultaneous,pitch_directed,cel8_017_lw,↗ ↑ + LW,68.19661458333333,-0.850694444444447
independent,simultaneous,pitch_directed,cel8_018,↘ ↑,68.4375,-0.6098090277777773
independent,simultaneous,pitch_directed,cel8_018_lw,↘ ↑ + LW,68.79991319444446,-0.2473958333333276
independent,simultaneous,pitch_directed,cel8_019,↗ ↘ ↑,67.31336805555554,-1.7339409722222254
independent,simultaneous,pitch_directed,cel8_019_lw,↗ ↘ ↑ + LW,68.42447916666667,-0.6228298611111072
independent,simultaneous,pitch_directed,cel8_020,↖ ↑,67.92100694444446,-1.126302083333333
independent,simultaneous,pitch_directed,cel8_020_lw,↖ ↑ + LW,69.13736979166667,0.0900607638888884
independent,simultaneous,pitch_directed,cel8_021,↗ ↖ ↑,68.31488715277779,-0.7324218749999917
independent,simultaneous,pitch_directed,cel8_021_lw,↗ ↖ ↑ + LW,69.86328125,0.8159722222222193
independent,simultaneous,pitch_directed,cel8_022,↘ ↖ ↑,68.93337673611111,-0.11393229166666574
independent,simultaneous,pitch_directed,cel8_022_lw,↘ ↖ ↑ + LW,69.96202256944444,0.9147135416666674
independent,simultaneous,pitch_directed,cel8_023,↗ ↘ ↖ ↑,68.58506944444444,-0.46223958333332926
independent,simultaneous,pitch_directed,cel8_023_lw,↗ ↘ ↖ ↑ + LW,69.68207465277779,0.6347656250000056
independent,simultaneous,pitch_directed,cel8_024,↙ ↑,69.21115451388889,0.16384548611111382
independent,simultaneous,pitch_directed,cel8_024_lw,↙ ↑ + LW,70.09440104166667,1.0470920138888895
independent,simultaneous,pitch_directed,cel8_025,↗ ↙ ↑,68.22048611111111,-0.8268229166666613
independent,simultaneous,pitch_directed,cel8_025_lw,↗ ↙ ↑ + LW,69.99240451388889,0.945095486111111
independent,simultaneous,pitch_directed,cel8_026,↘ ↙ ↑,70.83550347222223,1.7881944444444464
independent,simultaneous,pitch_directed,cel8_026_lw,↘ ↙ ↑ + LW,70.47092013888889,1.4236111111111172
independent,simultaneous,pitch_directed,cel8_027,↗ ↘ ↙ ↑,68.59266493055556,-0.45464409722222043
independent,simultaneous,pitch_directed,cel8_027_lw,↗ ↘ ↙ ↑ + LW,69.736328125,0.6890190972222265
independent,simultaneous,pitch_directed,cel8_028,↖ ↙ ↑,68.50911458333334,-0.5381944444444425
independent,simultaneous,pitch_directed,cel8_028_lw,↖ ↙ ↑ + LW,69.59743923611111,0.5501302083333354
independent,simultaneous,pitch_directed,cel8_029,↗ ↖ ↙ ↑,68.65668402777779,-0.390625
independent,simultaneous,pitch_directed,cel8_029_lw,↗ ↖ ↙ ↑ + LW,70.09440104166667,1.0470920138888895
independent,simultaneous,pitch_directed,cel8_030,↘ ↖ ↙ ↑,69.34027777777779,0.2929687500000028
independent,simultaneous,pitch_directed,cel8_030_lw,↘ ↖ ↙ ↑ + LW,70.50238715277777,1.4550781250000033
independent,simultaneous,pitch_directed,cel8_031,↗ ↘ ↖ ↙ ↑,68.97894965277777,-0.06835937500000167
independent,simultaneous,pitch_directed,cel8_031_lw,↗ ↘ ↖ ↙ ↑ + LW,70.28754340277779,1.2402343750000044
independent,simultaneous,pitch_directed,cel8_032,↓,59.595269097222214,-9.452039930555559
independent,simultaneous,pitch_directed,cel8_032_lw,↓ + LW,60.80186631944445,-8.245442708333329
independent,simultaneous,pitch_directed,cel8_033,↗ ↓,66.06553819444446,-2.9817708333333277
independent,simultaneous,pitch_directed,cel8_033_lw,↗ ↓ + LW,67.68663194444444,-1.3606770833333308
independent,simultaneous,pitch_directed,cel8_034,↘ ↓,69.89366319444444,0.8463541666666657
independent,simultaneous,pitch_directed,cel8_034_lw,↘ ↓ + LW,68.51128472222221,-0.5360243055555602
independent,simultaneous,pitch_directed,cel8_035,↗ ↘ ↓,66.68836805555554,-2.3589409722222205
independent,simultaneous,pitch_directed,cel8_035_lw,↗ ↘ ↓ + LW,68.12717013888889,-0.9201388888888884
independent,simultaneous,pitch_directed,cel8_036,↖ ↓,67.70724826388889,-1.3400607638888895
independent,simultaneous,pitch_directed,cel8_036_lw,↖ ↓ + LW,69.10047743055556,0.05316840277778123
independent,simultaneous,pitch_directed,cel8_037,↗ ↖ ↓,68.30186631944444,-0.7454427083333298
independent,simultaneous,pitch_directed,cel8_037_lw,↗ ↖ ↓ + LW,69.90234375,0.8550347222222254
independent,simultaneous,pitch_directed,cel8_038,↘ ↖ ↓,68.97352430555556,-0.07378472222221988
independent,simultaneous,pitch_directed,cel8_038_lw,↘ ↖ ↓ + LW,69.99674479166667,0.9494357638888895
independent,simultaneous,pitch_directed,cel8_039,↗ ↘ ↖ ↓,68.60785590277777,-0.4394531250000028
independent,simultaneous,pitch_directed,cel8_039_lw,↗ ↘ ↖ ↓ + LW,69.71354166666666,0.666232638888889
independent,simultaneous,pitch_directed,cel8_040,↙ ↓,70.24522569444444,1.1979166666666707
independent,simultaneous,pitch_directed,cel8_040_lw,↙ ↓ + LW,69.93489583333331,0.8875868055555569
independent,simultaneous,pitch_directed,cel8_041,↗ ↙ ↓,68.20746527777777,-0.8398437499999994
independent,simultaneous,pitch_directed,cel8_041_lw,↗ ↙ ↓ + LW,69.85677083333333,0.8094618055555614
independent,simultaneous,pitch_directed,cel8_042,↘ ↙ ↓,71.29557291666666,2.248263888888888
independent,simultaneous,pitch_directed,cel8_042_lw,↘ ↙ ↓ + LW,70.48719618055556,1.439887152777783
independent,simultaneous,pitch_directed,cel8_043,↗ ↘ ↙ ↓,68.73589409722223,-0.3114149305555536
independent,simultaneous,pitch_directed,cel8_043_lw,↗ ↘ ↙ ↓ + LW,69.64409722222223,0.5967881944444475
independent,simultaneous,pitch_directed,cel8_044,↖ ↙ ↓,68.25737847222221,-0.7899305555555541
independent,simultaneous,pitch_directed,cel8_044_lw,↖ ↙ ↓ + LW,69.47048611111111,0.42317708333333703
independent,simultaneous,pitch_directed,cel8_045,↗ ↖ ↙ ↓,68.78797743055556,-0.25933159722222043
independent,simultaneous,pitch_directed,cel8_045_lw,↗ ↖ ↙ ↓ + LW,70.18446180555556,1.137152777777778
independent,simultaneous,pitch_directed,cel8_046,↘ ↖ ↙ ↓,69.2578125,0.2105034722222232
independent,simultaneous,pitch_directed,cel8_046_lw,↘ ↖ ↙ ↓ + LW,70.38845486111111,1.3411458333333321
independent,simultaneous,pitch_directed,cel8_047,↗ ↘ ↖ ↙ ↓,69.07986111111111,0.03255208333333426
independent,simultaneous,pitch_directed,cel8_047_lw,↗ ↘ ↖ ↙ ↓ + LW,70.25065104166667,1.2033420138888946
independent,simultaneous,pitch_directed,cel8_048,↑ ↓,61.444227430555564,-7.603081597222216
independent,simultaneous,pitch_directed,cel8_048_lw,↑ ↓ + LW,61.96180555555555,-7.085503472222224
independent,simultaneous,pitch_directed,cel8_049,↗ ↑ ↓,66.67100694444444,-2.3763020833333286
independent,simultaneous,pitch_directed,cel8_049_lw,↗ ↑ ↓ + LW,67.96766493055556,-1.0796440972222183
independent,simultaneous,pitch_directed,cel8_050,↘ ↑ ↓,67.880859375,-1.1664496527777763
independent,simultaneous,pitch_directed,cel8_050_lw,↘ ↑ ↓ + LW,68.48415798611111,-0.5631510416666652
independent,simultaneous,pitch_directed,cel8_051,↗ ↘ ↑ ↓,67.32313368055556,-1.7241753472222232
independent,simultaneous,pitch_directed,cel8_051_lw,↗ ↘ ↑ ↓ + LW,68.41796875,-0.6293402777777762
independent,simultaneous,pitch_directed,cel8_052,↖ ↑ ↓,68.08810763888889,-0.959201388888889
independent,simultaneous,pitch_directed,cel8_052_lw,↖ ↑ ↓ + LW,69.2361111111111,0.1888020833333337
independent,simultaneous,pitch_directed,cel8_053,↗ ↖ ↑ ↓,68.17165798611111,-0.8756510416666641
independent,simultaneous,pitch_directed,cel8_053_lw,↗ ↖ ↑ ↓ + LW,69.81662326388889,0.7693142361111099
independent,simultaneous,pitch_directed,cel8_054,↘ ↖ ↑ ↓,68.94314236111111,-0.10416666666666907
independent,simultaneous,pitch_directed,cel8_054_lw,↘ ↖ ↑ ↓ + LW,69.77864583333333,0.7313368055555602
independent,simultaneous,pitch_directed,cel8_055,↗ ↘ ↖ ↑ ↓,68.60785590277779,-0.4394531249999972
independent,simultaneous,pitch_directed,cel8_055_lw,↗ ↘ ↖ ↑ ↓ + LW,69.58767361111111,0.5403645833333359
independent,simultaneous,pitch_directed,cel8_056,↙ ↑ ↓,68.76844618055556,-0.2788628472222249
independent,simultaneous,pitch_directed,cel8_056_lw,↙ ↑ ↓ + LW,69.66796875,0.6206597222222221
independent,simultaneous,pitch_directed,cel8_057,↗ ↙ ↑ ↓,68.01974826388889,-1.027560763888888
independent,simultaneous,pitch_directed,cel8_057_lw,↗ ↙ ↑ ↓ + LW,69.92296006944446,0.8756510416666696
independent,simultaneous,pitch_directed,cel8_058,↘ ↙ ↑ ↓,70.49696180555556,1.4496527777777795
independent,simultaneous,pitch_directed,cel8_058_lw,↘ ↙ ↑ ↓ + LW,70.40581597222223,1.3585069444444486
independent,simultaneous,pitch_directed,cel8_059,↗ ↘ ↙ ↑ ↓,68.58615451388889,-0.4611545138888895
independent,simultaneous,pitch_directed,cel8_059_lw,↗ ↘ ↙ ↑ ↓ + LW,69.77973090277779,0.7324218750000028
independent,simultaneous,pitch_directed,cel8_060,↖ ↙ ↑ ↓,68.50151909722221,-0.5457899305555541
independent,simultaneous,pitch_directed,cel8_060_lw,↖ ↙ ↑ ↓ + LW,69.61154513888889,0.5642361111111105
independent,simultaneous,pitch_directed,cel8_061,↗ ↖ ↙ ↑ ↓,68.74891493055557,-0.29839409722221544
independent,simultaneous,pitch_directed,cel8_061_lw,↗ ↖ ↙ ↑ ↓ + LW,70.19639756944444,1.1490885416666652
independent,simultaneous,pitch_directed,cel8_062,↘ ↖ ↙ ↑ ↓,69.35221354166667,0.3049045138888956
independent,simultaneous,pitch_directed,cel8_062_lw,↘ ↖ ↙ ↑ ↓ + LW,70.44270833333334,1.3953993055555614
independent,simultaneous,pitch_directed,cel8_063,↗ ↘ ↖ ↙ ↑ ↓,68.99631076388889,-0.050998263888885065
independent,simultaneous,pitch_directed,cel8_063_lw,↗ ↘ ↖ ↙ ↑ ↓ + LW,70.20724826388889,1.1599392361111156
independent,simultaneous,pitch_directed,cel8_064,→,63.22699652777778,-5.820312499999999
independent,simultaneous,pitch_directed,cel8_064_lw,→ + LW,65.0705295138889,-3.976779513888884
independent,simultaneous,pitch_directed,cel8_065,↗ →,68.54600694444444,-0.5013020833333326
independent,simultaneous,pitch_directed,cel8_065_lw,↗ → + LW,70.20290798611111,1.1555989583333344
independent,simultaneous,pitch_directed,cel8_066,↘ →,67.87651909722221,-1.1707899305555518
independent,simultaneous,pitch_directed,cel8_066_lw,↘ → + LW,70.0021701388889,0.954861111111116
independent,simultaneous,pitch_directed,cel8_067,↗ ↘ →,68.86067708333333,-0.1866319444444403
independent,simultaneous,pitch_directed,cel8_067_lw,↗ ↘ → + LW,69.99782986111111,0.950520833333332
independent,simultaneous,pitch_directed,cel8_068,↖ →,70.06401909722223,1.0167100694444486
independent,simultaneous,pitch_directed,cel8_068_lw,↖ → + LW,71.56358506944444,2.516276041666668
independent,simultaneous,pitch_directed,cel8_069,↗ ↖ →,69.83832465277779,0.791015625000005
independent,simultaneous,pitch_directed,cel8_069_lw,↗ ↖ → + LW,71.82942708333333,2.7821180555555576
independent,simultaneous,pitch_directed,cel8_070,↘ ↖ →,70.52191840277779,1.4746093749999996
independent,simultaneous,pitch_directed,cel8_070_lw,↘ ↖ → + LW,72.06163194444444,3.01432291666667
independent,simultaneous,pitch_directed,cel8_071,↗ ↘ ↖ →,69.84049479166667,0.7931857638888956
independent,simultaneous,pitch_directed,cel8_071_lw,↗ ↘ ↖ → + LW,71.37152777777777,2.324218750000001
independent,simultaneous,pitch_directed,cel8_072,↙ →,70.38519965277777,1.3378906250000018
independent,simultaneous,pitch_directed,cel8_072_lw,↙ → + LW,71.58203125,2.534722222222227
independent,simultaneous,pitch_directed,cel8_073,↗ ↙ →,70.40690104166667,1.359592013888891
independent,simultaneous,pitch_directed,cel8_073_lw,↗ ↙ → + LW,72.11480034722221,3.067491319444446
independent,simultaneous,pitch_directed,cel8_074,↘ ↙ →,72.01714409722221,2.9698350694444486
independent,simultaneous,pitch_directed,cel8_074_lw,↘ ↙ → + LW,72.38606770833333,3.3387586805555536
independent,simultaneous,pitch_directed,cel8_075,↗ ↘ ↙ →,70.53385416666667,1.4865451388888924
independent,simultaneous,pitch_directed,cel8_075_lw,↗ ↘ ↙ → + LW,71.63736979166666,2.590060763888885
independent,simultaneous,pitch_directed,cel8_076,↖ ↙ →,70.16927083333334,1.1219618055555576
independent,simultaneous,pitch_directed,cel8_076_lw,↖ ↙ → + LW,71.99761284722223,2.950303819444444
independent,simultaneous,pitch_directed,cel8_077,↗ ↖ ↙ →,70.26150173611111,1.2141927083333337
independent,simultaneous,pitch_directed,cel8_077_lw,↗ ↖ ↙ → + LW,71.95421006944444,2.9069010416666705
independent,simultaneous,pitch_directed,cel8_078,↘ ↖ ↙ →,70.85177951388889,1.804470486111115
independent,simultaneous,pitch_directed,cel8_078_lw,↘ ↖ ↙ → + LW,72.30794270833334,3.2606336805555634
independent,simultaneous,pitch_directed,cel8_079,↗ ↘ ↖ ↙ →,70.30598958333334,1.2586805555555607
independent,simultaneous,pitch_directed,cel8_079_lw,↗ ↘ ↖ ↙ → + LW,71.82834201388889,2.781032986111112
independent,simultaneous,pitch_directed,cel8_080,↑ →,66.97157118055554,-2.0757378472222197
independent,simultaneous,pitch_directed,cel8_080_lw,↑ → + LW,67.62261284722221,-1.4246961805555514
independent,simultaneous,pitch_directed,cel8_081,↗ ↑ →,69.36631944444444,0.3190104166666735
independent,simultaneous,pitch_directed,cel8_081_lw,↗ ↑ → + LW,70.89952256944446,1.8522135416666696
independent,simultaneous,pitch_directed,cel8_082,↘ ↑ →,69.56380208333334,0.5164930555555558
independent,simultaneous,pitch_directed,cel8_082_lw,↘ ↑ → + LW,70.76931423611111,1.7220052083333353
independent,simultaneous,pitch_directed,cel8_083,↗ ↘ ↑ →,69.501953125,0.45464409722222876
independent,simultaneous,pitch_directed,cel8_083_lw,↗ ↘ ↑ → + LW,70.60546875,1.5581597222222243
independent,simultaneous,pitch_directed,cel8_084,↖ ↑ →,70.01953125000001,0.9722222222222271
independent,simultaneous,pitch_directed,cel8_084_lw,↖ ↑ → + LW,71.806640625,2.7593315972222254
independent,simultaneous,pitch_directed,cel8_085,↗ ↖ ↑ →,69.77973090277779,0.7324218750000028
independent,simultaneous,pitch_directed,cel8_085_lw,↗ ↖ ↑ → + LW,71.73828124999999,2.6909722222222237
independent,simultaneous,pitch_directed,cel8_086,↘ ↖ ↑ →,70.69118923611111,1.6438802083333397
independent,simultaneous,pitch_directed,cel8_086_lw,↘ ↖ ↑ → + LW,71.92816840277779,2.8808593750000053
independent,simultaneous,pitch_directed,cel8_087,↗ ↘ ↖ ↑ →,69.86979166666667,0.822482638888894
independent,simultaneous,pitch_directed,cel8_087_lw,↗ ↘ ↖ ↑ → + LW,71.38997395833333,2.342664930555552
independent,simultaneous,pitch_directed,cel8_088,↙ ↑ →,70.68359375,1.6362847222222254
independent,simultaneous,pitch_directed,cel8_088_lw,↙ ↑ → + LW,71.88042534722223,2.833116319444451
independent,simultaneous,pitch_directed,cel8_089,↗ ↙ ↑ →,70.26909722222221,1.2217881944444424
independent,simultaneous,pitch_directed,cel8_089_lw,↗ ↙ ↑ → + LW,72.08333333333333,3.036024305555557
independent,simultaneous,pitch_directed,cel8_090,↘ ↙ ↑ →,71.75021701388889,2.702907986111114
independent,simultaneous,pitch_directed,cel8_090_lw,↘ ↙ ↑ → + LW,72.1408420138889,3.0935329861111196
independent,simultaneous,pitch_directed,cel8_091,↗ ↘ ↙ ↑ →,70.51540798611111,1.468098958333336
independent,simultaneous,pitch_directed,cel8_091_lw,↗ ↘ ↙ ↑ → + LW,71.63845486111111,2.591145833333339
independent,simultaneous,pitch_directed,cel8_092,↖ ↙ ↑ →,70.48177083333333,1.4344618055555591
independent,simultaneous,pitch_directed,cel8_092_lw,↖ ↙ ↑ → + LW,72.06814236111111,3.0208333333333366
independent,simultaneous,pitch_directed,cel8_093,↗ ↖ ↙ ↑ →,70.14539930555557,1.098090277777783
independent,simultaneous,pitch_directed,cel8_093_lw,↗ ↖ ↙ ↑ → + LW,71.85438368055556,2.807074652777783
independent,simultaneous,pitch_directed,cel8_094,↘ ↖ ↙ ↑ →,70.92990451388889,1.882595486111116
independent,simultaneous,pitch_directed,cel8_094_lw,↘ ↖ ↙ ↑ → + LW,72.24175347222221,3.194444444444447
independent,simultaneous,pitch_directed,cel8_095,↗ ↘ ↖ ↙ ↑ →,70.21158854166667,1.164279513888894
independent,simultaneous,pitch_directed,cel8_095_lw,↗ ↘ ↖ ↙ ↑ → + LW,71.73285590277779,2.6855468750000027
independent,simultaneous,pitch_directed,cel8_096,↓ →,64.51497395833334,-4.53233506944444
independent,simultaneous,pitch_directed,cel8_096_lw,↓ → + LW,66.91514756944444,-2.1321614583333313
independent,simultaneous,pitch_directed,cel8_097,↗ ↓ →,68.79448784722221,-0.25282118055555414
independent,simultaneous,pitch_directed,cel8_097_lw,↗ ↓ → + LW,70.62825520833333,1.5809461805555562
independent,simultaneous,pitch_directed,cel8_098,↘ ↓ →,68.46354166666669,-0.5837673611111038
independent,simultaneous,pitch_directed,cel8_098_lw,↘ ↓ → + LW,70.4763454861111,1.42903645833333
independent,simultaneous,pitch_directed,cel8_099,↗ ↘ ↓ →,69.03645833333333,-0.010850694444436426
independent,simultaneous,pitch_directed,cel8_099_lw,↗ ↘ ↓ → + LW,70.27235243055556,1.2250434027777757
independent,simultaneous,pitch_directed,cel8_100,↖ ↓ →,69.99565972222223,0.948350694444447
independent,simultaneous,pitch_directed,cel8_100_lw,↖ ↓ → + LW,71.60373263888889,2.556423611111111
independent,simultaneous,pitch_directed,cel8_101,↗ ↖ ↓ →,69.87738715277779,0.8300781250000056
independent,simultaneous,pitch_directed,cel8_101_lw,↗ ↖ ↓ → + LW,71.67643229166667,2.6291232638888937
independent,simultaneous,pitch_directed,cel8_102,↘ ↖ ↓ →,70.56749131944444,1.5201822916666692
independent,simultaneous,pitch_directed,cel8_102_lw,↘ ↖ ↓ → + LW,71.9455295138889,2.898220486111114
independent,simultaneous,pitch_directed,cel8_103,↗ ↘ ↖ ↓ →,69.92404513888889,0.8767361111111149
independent,simultaneous,pitch_directed,cel8_103_lw,↗ ↘ ↖ ↓ → + LW,71.30967881944444,2.2623697916666687
independent,simultaneous,pitch_directed,cel8_104,↙ ↓ →,70.61306423611111,1.5657552083333388
independent,simultaneous,pitch_directed,cel8_104_lw,↙ ↓ → + LW,71.9216579861111,2.874348958333334
independent,simultaneous,pitch_directed,cel8_105,↗ ↙ ↓ →,70.36458333333334,1.3172743055555602
independent,simultaneous,pitch_directed,cel8_105_lw,↗ ↙ ↓ → + LW,72.0193142361111,2.972005208333328
independent,simultaneous,pitch_directed,cel8_106,↘ ↙ ↓ →,71.82074652777777,2.7734375000000036
independent,simultaneous,pitch_directed,cel8_106_lw,↘ ↙ ↓ → + LW,72.06271701388889,3.01540798611111
independent,simultaneous,pitch_directed,cel8_107,↗ ↘ ↙ ↓ →,70.39605034722221,1.3487413194444438
independent,simultaneous,pitch_directed,cel8_107_lw,↗ ↘ ↙ ↓ → + LW,71.55707465277777,2.5097656250000018
independent,simultaneous,pitch_directed,cel8_108,↖ ↙ ↓ →,70.33094618055557,1.2836371527777808
independent,simultaneous,pitch_directed,cel8_108_lw,↖ ↙ ↓ → + LW,72.10720486111111,3.0598958333333286
independent,simultaneous,pitch_directed,cel8_109,↗ ↖ ↙ ↓ →,70.302734375,1.255425347222222
independent,simultaneous,pitch_directed,cel8_109_lw,↗ ↖ ↙ ↓ → + LW,71.92274305555556,2.8754340277777817
independent,simultaneous,pitch_directed,cel8_110,↘ ↖ ↙ ↓ →,70.76171874999999,1.7144097222222183
independent,simultaneous,pitch_directed,cel8_110_lw,↘ ↖ ↙ ↓ → + LW,72.26128472222221,3.213975694444446
independent,simultaneous,pitch_directed,cel8_111,↗ ↘ ↖ ↙ ↓ →,70.35047743055556,1.3031684027777852
independent,simultaneous,pitch_directed,cel8_111_lw,↗ ↘ ↖ ↙ ↓ → + LW,71.76974826388887,2.722439236111107
independent,simultaneous,pitch_directed,cel8_112,↑ ↓ →,66.95095486111111,-2.096354166666667
independent,simultaneous,pitch_directed,cel8_112_lw,↑ ↓ → + LW,67.99696180555554,-1.0503472222222228
independent,simultaneous,pitch_directed,cel8_113,↗ ↑ ↓ →,69.34136284722221,0.2940538194444453
independent,simultaneous,pitch_directed,cel8_113_lw,↗ ↑ ↓ → + LW,70.79210069444444,1.7447916666666674
independent,simultaneous,pitch_directed,cel8_114,↘ ↑ ↓ →,69.48459201388889,0.43728298611111494
independent,simultaneous,pitch_directed,cel8_114_lw,↘ ↑ ↓ → + LW,70.67491319444443,1.627604166666663
independent,simultaneous,pitch_directed,cel8_115,↗ ↘ ↑ ↓ →,69.46614583333334,0.4188368055555558
independent,simultaneous,pitch_directed,cel8_115_lw,↗ ↘ ↑ ↓ → + LW,70.59895833333331,1.5516493055555554
independent,simultaneous,pitch_directed,cel8_116,↖ ↑ ↓ →,69.99565972222221,0.9483506944444414
independent,simultaneous,pitch_directed,cel8_116_lw,↖ ↑ ↓ → + LW,71.66558159722221,2.6182725694444438
independent,simultaneous,pitch_directed,cel8_117,↗ ↖ ↑ ↓ →,69.70377604166667,0.6564670138888895
independent,simultaneous,pitch_directed,cel8_117_lw,↗ ↖ ↑ ↓ → + LW,71.66775173611111,2.6204427083333344
independent,simultaneous,pitch_directed,cel8_118,↘ ↖ ↑ ↓ →,70.69118923611111,1.6438802083333397
independent,simultaneous,pitch_directed,cel8_118_lw,↘ ↖ ↑ ↓ → + LW,71.95421006944444,2.906901041666668
independent,simultaneous,pitch_directed,cel8_119,↗ ↘ ↖ ↑ ↓ →,69.92838541666667,0.8810763888888906
independent,simultaneous,pitch_directed,cel8_119_lw,↗ ↘ ↖ ↑ ↓ → + LW,71.32269965277777,2.275390625000004
independent,simultaneous,pitch_directed,cel8_120,↙ ↑ ↓ →,70.60112847222221,1.553819444444446
independent,simultaneous,pitch_directed,cel8_120_lw,↙ ↑ ↓ → + LW,71.75238715277777,2.7050781250000018
independent,simultaneous,pitch_directed,cel8_121,↗ ↙ ↑ ↓ →,70.13780381944443,1.0904947916666656
independent,simultaneous,pitch_directed,cel8_121_lw,↗ ↙ ↑ ↓ → + LW,71.97591145833333,2.9286024305555576
independent,simultaneous,pitch_directed,cel8_122,↘ ↙ ↑ ↓ →,71.57443576388889,2.52712673611111
independent,simultaneous,pitch_directed,cel8_122_lw,↘ ↙ ↑ ↓ → + LW,72.08550347222221,3.0381944444444393
independent,simultaneous,pitch_directed,cel8_123,↗ ↘ ↙ ↑ ↓ →,70.30924479166667,1.261935763888891
independent,simultaneous,pitch_directed,cel8_123_lw,↗ ↘ ↙ ↑ ↓ → + LW,71.54405381944444,2.496744791666669
independent,simultaneous,pitch_directed,cel8_124,↖ ↙ ↑ ↓ →,70.45464409722221,1.4073350694444486
independent,simultaneous,pitch_directed,cel8_124_lw,↖ ↙ ↑ ↓ → + LW,72.01931423611111,2.9720052083333393
independent,simultaneous,pitch_directed,cel8_125,↗ ↖ ↙ ↑ ↓ →,70.15407986111111,1.1067708333333344
independent,simultaneous,pitch_directed,cel8_125_lw,↗ ↖ ↙ ↑ ↓ → + LW,71.82942708333333,2.7821180555555576
independent,simultaneous,pitch_directed,cel8_126,↘ ↖ ↙ ↑ ↓ →,70.84418402777779,1.7968750000000033
independent,simultaneous,pitch_directed,cel8_126_lw,↘ ↖ ↙ ↑ ↓ → + LW,72.19184027777777,3.1445312500000044
independent,simultaneous,pitch_directed,cel8_127,↗ ↘ ↖ ↙ ↑ ↓ →,70.27777777777777,1.2304687500000049
independent,simultaneous,pitch_directed,cel8_127_lw,↗ ↘ ↖ ↙ ↑ ↓ → + LW,71.73177083333333,2.6844618055555602
independent,simultaneous,pitch_directed,cel8_128,←,63.34418402777777,-5.703124999999995
independent,simultaneous,pitch_directed,cel8_128_lw,← + LW,64.8046875,-4.242621527777773
independent,simultaneous,pitch_directed,cel8_129,↗ ←,68.4765625,-0.5707465277777768
independent,simultaneous,pitch_directed,cel8_129_lw,↗ ← + LW,70.02061631944444,0.9733072916666724
independent,simultaneous,pitch_directed,cel8_130,↘ ←,68.55577256944446,-0.4915364583333304
independent,simultaneous,pitch_directed,cel8_130_lw,↘ ← + LW,69.66037326388889,0.6130642361111105
independent,simultaneous,pitch_directed,cel8_131,↗ ↘ ←,68.81727430555556,-0.23003472222221932
independent,simultaneous,pitch_directed,cel8_131_lw,↗ ↘ ← + LW,70.146484375,1.099175347222217
independent,simultaneous,pitch_directed,cel8_132,↖ ←,69.53776041666666,0.4904513888888934
independent,simultaneous,pitch_directed,cel8_132_lw,↖ ← + LW,71.12196180555556,2.0746527777777746
independent,simultaneous,pitch_directed,cel8_133,↗ ↖ ←,69.91536458333333,0.8680555555555525
independent,simultaneous,pitch_directed,cel8_133_lw,↗ ↖ ← + LW,72.09743923611111,3.050130208333332
independent,simultaneous,pitch_directed,cel8_134,↘ ↖ ←,70.5251736111111,1.47786458333333
independent,simultaneous,pitch_directed,cel8_134_lw,↘ ↖ ← + LW,72.23415798611111,3.1868489583333326
independent,simultaneous,pitch_directed,cel8_135,↗ ↘ ↖ ←,70.11935763888889,1.072048611111115
independent,simultaneous,pitch_directed,cel8_135_lw,↗ ↘ ↖ ← + LW,71.77734375000001,2.730034722222224
independent,simultaneous,pitch_directed,cel8_136,↙ ←,69.59418402777779,0.546875000000005
independent,simultaneous,pitch_directed,cel8_136_lw,↙ ← + LW,70.78993055555556,1.7426215277777795
independent,simultaneous,pitch_directed,cel8_137,↗ ↙ ←,70.32118055555556,1.2738715277777812
independent,simultaneous,pitch_directed,cel8_137_lw,↗ ↙ ← + LW,72.080078125,3.0327690972222237
independent,simultaneous,pitch_directed,cel8_138,↘ ↙ ←,71.71766493055556,2.670355902777782
independent,simultaneous,pitch_directed,cel8_138_lw,↘ ↙ ← + LW,72.27864583333333,3.23133680555556
independent,simultaneous,pitch_directed,cel8_139,↗ ↘ ↙ ←,70.74110243055556,1.6937934027777823
independent,simultaneous,pitch_directed,cel8_139_lw,↗ ↘ ↙ ← + LW,71.91948784722223,2.872178819444443
independent,simultaneous,pitch_directed,cel8_140,↖ ↙ ←,69.64409722222223,0.596788194444442
independent,simultaneous,pitch_directed,cel8_140_lw,↖ ↙ ← + LW,71.39214409722221,2.3448350694444455
independent,simultaneous,pitch_directed,cel8_141,↗ ↖ ↙ ←,70.09440104166666,1.0470920138888895
independent,simultaneous,pitch_directed,cel8_141_lw,↗ ↖ ↙ ← + LW,71.93793402777777,2.890625000000005
independent,simultaneous,pitch_directed,cel8_142,↘ ↖ ↙ ←,70.55555555555556,1.508246527777779
independent,simultaneous,pitch_directed,cel8_142_lw,↘ ↖ ↙ ← + LW,72.21462673611111,3.167317708333334
independent,simultaneous,pitch_directed,cel8_143,↗ ↘ ↖ ↙ ←,70.43836805555556,1.3910590277777772
independent,simultaneous,pitch_directed,cel8_143_lw,↗ ↘ ↖ ↙ ← + LW,72.16254340277779,3.1152343750000004
independent,simultaneous,pitch_directed,cel8_144,↑ ←,65.77690972222221,-3.2703993055555576
independent,simultaneous,pitch_directed,cel8_144_lw,↑ ← + LW,66.32378472222223,-2.7235243055555527
independent,simultaneous,pitch_directed,cel8_145,↗ ↑ ←,69.06684027777777,0.01953124999999889
independent,simultaneous,pitch_directed,cel8_145_lw,↗ ↑ ← + LW,70.32335069444444,1.2760416666666692
independent,simultaneous,pitch_directed,cel8_146,↘ ↑ ←,69.03645833333334,-0.010850694444444753
independent,simultaneous,pitch_directed,cel8_146_lw,↘ ↑ ← + LW,70.01953125,0.9722222222222243
independent,simultaneous,pitch_directed,cel8_147,↗ ↘ ↑ ←,69.365234375,0.31792534722222265
independent,simultaneous,pitch_directed,cel8_147_lw,↗ ↘ ↑ ← + LW,70.36566840277779,1.3183593750000027
independent,simultaneous,pitch_directed,cel8_148,↖ ↑ ←,69.88606770833334,0.8387586805555597
independent,simultaneous,pitch_directed,cel8_148_lw,↖ ↑ ← + LW,71.43229166666667,2.384982638888891
independent,simultaneous,pitch_directed,cel8_149,↗ ↖ ↑ ←,69.80034722222221,0.7530381944444442
independent,simultaneous,pitch_directed,cel8_149_lw,↗ ↖ ↑ ← + LW,71.98133680555556,2.934027777777776
independent,simultaneous,pitch_directed,cel8_150,↘ ↖ ↑ ←,70.58810763888889,1.5407986111111105
independent,simultaneous,pitch_directed,cel8_150_lw,↘ ↖ ↑ ← + LW,72.05512152777779,3.007812500000004
independent,simultaneous,pitch_directed,cel8_151,↗ ↘ ↖ ↑ ←,69.86653645833334,0.819227430555558
independent,simultaneous,pitch_directed,cel8_151_lw,↗ ↘ ↖ ↑ ← + LW,71.72634548611111,2.6790364583333393
independent,simultaneous,pitch_directed,cel8_152,↙ ↑ ←,70.13237847222223,1.085069444444453
independent,simultaneous,pitch_directed,cel8_152_lw,↙ ↑ ← + LW,71.04600694444446,1.9986979166666696
independent,simultaneous,pitch_directed,cel8_153,↗ ↙ ↑ ←,70.35264756944444,1.305338541666673
independent,simultaneous,pitch_directed,cel8_153_lw,↗ ↙ ↑ ← + LW,72.01280381944444,2.96549479166667
independent,simultaneous,pitch_directed,cel8_154,↘ ↙ ↑ ←,71.33572048611111,2.2884114583333366
independent,simultaneous,pitch_directed,cel8_154_lw,↘ ↙ ↑ ← + LW,72.18858506944443,3.1412760416666687
independent,simultaneous,pitch_directed,cel8_155,↗ ↘ ↙ ↑ ←,70.67274305555557,1.6254340277777835
independent,simultaneous,pitch_directed,cel8_155_lw,↗ ↘ ↙ ↑ ← + LW,71.85655381944444,2.809244791666665
independent,simultaneous,pitch_directed,cel8_156,↖ ↙ ↑ ←,70.03363715277777,0.9863281249999994
independent,simultaneous,pitch_directed,cel8_156_lw,↖ ↙ ↑ ← + LW,71.57335069444444,2.5260416666666674
independent,simultaneous,pitch_directed,cel8_157,↗ ↖ ↙ ↑ ←,69.9435763888889,0.8962673611111138
independent,simultaneous,pitch_directed,cel8_157_lw,↗ ↖ ↙ ↑ ← + LW,71.86414930555556,2.8168402777777795
independent,simultaneous,pitch_directed,cel8_158,↘ ↖ ↙ ↑ ←,70.79427083333334,1.7469618055555554
independent,simultaneous,pitch_directed,cel8_158_lw,↘ ↖ ↙ ↑ ← + LW,72.11263020833334,3.0653211805555607
independent,simultaneous,pitch_directed,cel8_159,↗ ↘ ↖ ↙ ↑ ←,70.28103298611111,1.2337239583333381
independent,simultaneous,pitch_directed,cel8_159_lw,↗ ↘ ↖ ↙ ↑ ← + LW,72.04427083333333,2.9969618055555536
independent,simultaneous,pitch_directed,cel8_160,↓ ←,64.13519965277777,-4.912109374999996
independent,simultaneous,pitch_directed,cel8_160_lw,↓ ← + LW,65.9375,-3.109809027777774
independent,simultaneous,pitch_directed,cel8_161,↗ ↓ ←,68.69249131944444,-0.3548177083333298
independent,simultaneous,pitch_directed,cel8_161_lw,↗ ↓ ← + LW,70.20290798611111,1.1555989583333397
independent,simultaneous,pitch_directed,cel8_162,↘ ↓ ←,68.64366319444444,-0.40364583333333537
independent,simultaneous,pitch_directed,cel8_162_lw,↘ ↓ ← + LW,69.87955729166667,0.8322482638888934
independent,simultaneous,pitch_directed,cel8_163,↗ ↘ ↓ ←,69.00716145833333,-0.04014756944444031
independent,simultaneous,pitch_directed,cel8_163_lw,↗ ↘ ↓ ← + LW,70.32335069444444,1.2760416666666663
independent,simultaneous,pitch_directed,cel8_164,↖ ↓ ←,69.56163194444443,0.514322916666668
independent,simultaneous,pitch_directed,cel8_164_lw,↖ ↓ ← + LW,71.25217013888889,2.2048611111111143
independent,simultaneous,pitch_directed,cel8_165,↗ ↖ ↓ ←,69.87955729166666,0.8322482638888906
independent,simultaneous,pitch_directed,cel8_165_lw,↗ ↖ ↓ ← + LW,71.95855034722223,2.911241319444449
independent,simultaneous,pitch_directed,cel8_166,↘ ↖ ↓ ←,70.49045138888889,1.4431423611111076
independent,simultaneous,pitch_directed,cel8_166_lw,↘ ↖ ↓ ← + LW,72.02473958333331,2.9774305555555545
independent,simultaneous,pitch_directed,cel8_167,↗ ↘ ↖ ↓ ←,70.14756944444444,1.1002604166666736
independent,simultaneous,pitch_directed,cel8_167_lw,↗ ↘ ↖ ↓ ← + LW,71.70355902777777,2.6562500000000018
independent,simultaneous,pitch_directed,cel8_168,↙ ↓ ←,69.74609375,0.6987847222222232
independent,simultaneous,pitch_directed,cel8_168_lw,↙ ↓ ← + LW,70.830078125,1.7827690972222199
independent,simultaneous,pitch_directed,cel8_169,↗ ↙ ↓ ←,70.43077256944444,1.3834635416666714
independent,simultaneous,pitch_directed,cel8_169_lw,↗ ↙ ↓ ← + LW,72.05186631944444,3.0045572916666705
independent,simultaneous,pitch_directed,cel8_170,↘ ↙ ↓ ←,71.59830729166666,2.55099826388889
independent,simultaneous,pitch_directed,cel8_170_lw,↘ ↙ ↓ ← + LW,72.10069444444444,3.053385416666668
independent,simultaneous,pitch_directed,cel8_171,↗ ↘ ↙ ↓ ←,70.69335937500001,1.646050347222225
independent,simultaneous,pitch_directed,cel8_171_lw,↗ ↘ ↙ ↓ ← + LW,71.85004340277777,2.802734374999999
independent,simultaneous,pitch_directed,cel8_172,↖ ↙ ↓ ←,69.70920138888889,0.661892361111116
independent,simultaneous,pitch_directed,cel8_172_lw,↖ ↙ ↓ ← + LW,71.46484375,2.4175347222222228
independent,simultaneous,pitch_directed,cel8_173,↗ ↖ ↙ ↓ ←,70.12261284722223,1.0753038194444509
independent,simultaneous,pitch_directed,cel8_173_lw,↗ ↖ ↙ ↓ ← + LW,71.86306423611111,2.8157552083333344
independent,simultaneous,pitch_directed,cel8_174,↘ ↖ ↙ ↓ ←,70.61740451388889,1.5700954861111116
independent,simultaneous,pitch_directed,cel8_174_lw,↘ ↖ ↙ ↓ ← + LW,72.09743923611111,3.0501302083333375
independent,simultaneous,pitch_directed,cel8_175,↗ ↘ ↖ ↙ ↓ ←,70.39171006944444,1.3444010416666679
independent,simultaneous,pitch_directed,cel8_175_lw,↗ ↘ ↖ ↙ ↓ ← + LW,72.09526909722223,3.047960069444447
independent,simultaneous,pitch_directed,cel8_176,↑ ↓ ←,65.98958333333333,-3.057725694444441
independent,simultaneous,pitch_directed,cel8_176_lw,↑ ↓ ← + LW,66.63519965277777,-2.412109374999999
independent,simultaneous,pitch_directed,cel8_177,↗ ↑ ↓ ←,69.0646701388889,0.0173611111111166
independent,simultaneous,pitch_directed,cel8_177_lw,↗ ↑ ↓ ← + LW,70.24956597222221,1.202256944444449
independent,simultaneous,pitch_directed,cel8_178,↘ ↑ ↓ ←,69.07769097222221,0.030381944444446418
independent,simultaneous,pitch_directed,cel8_178_lw,↘ ↑ ↓ ← + LW,70.13780381944444,1.0904947916666685
independent,simultaneous,pitch_directed,cel8_179,↗ ↘ ↑ ↓ ←,69.42165798611111,0.37434895833333426
independent,simultaneous,pitch_directed,cel8_179_lw,↗ ↘ ↑ ↓ ← + LW,70.39930555555554,1.3519965277777768
independent,simultaneous,pitch_directed,cel8_180,↖ ↑ ↓ ←,69.84700520833333,0.7996961805555564
independent,simultaneous,pitch_directed,cel8_180_lw,↖ ↑ ↓ ← + LW,71.3552517361111,2.3079427083333353
independent,simultaneous,pitch_directed,cel8_181,↗ ↖ ↑ ↓ ←,69.80902777777777,0.7617187499999983
independent,simultaneous,pitch_directed,cel8_181_lw,↗ ↖ ↑ ↓ ← + LW,71.85004340277777,2.8027343750000044
independent,simultaneous,pitch_directed,cel8_182,↘ ↖ ↑ ↓ ←,70.54361979166667,1.4963107638888917
independent,simultaneous,pitch_directed,cel8_182_lw,↘ ↖ ↑ ↓ ← + LW,72.03450520833334,2.987196180555557
independent,simultaneous,pitch_directed,cel8_183,↗ ↘ ↖ ↑ ↓ ←,69.99891493055556,0.9516059027777829
independent,simultaneous,pitch_directed,cel8_183_lw,↗ ↘ ↖ ↑ ↓ ← + LW,71.67209201388889,2.6247829861111125
independent,simultaneous,pitch_directed,cel8_184,↙ ↑ ↓ ←,69.81553819444444,0.7682291666666674
independent,simultaneous,pitch_directed,cel8_184_lw,↙ ↑ ↓ ← + LW,71.04709201388889,1.999782986111115
independent,simultaneous,pitch_directed,cel8_185,↗ ↙ ↑ ↓ ←,70.28103298611113,1.233723958333341
independent,simultaneous,pitch_directed,cel8_185_lw,↗ ↙ ↑ ↓ ← + LW,71.98676215277779,2.939453125000005
independent,simultaneous,pitch_directed,cel8_186,↘ ↙ ↑ ↓ ←,71.25108506944444,2.203776041666669
independent,simultaneous,pitch_directed,cel8_186_lw,↘ ↙ ↑ ↓ ← + LW,72.02690972222223,2.979600694444448
independent,simultaneous,pitch_directed,cel8_187,↗ ↘ ↙ ↑ ↓ ←,70.60763888888889,1.5603298611111178
independent,simultaneous,pitch_directed,cel8_187_lw,↗ ↘ ↙ ↑ ↓ ← + LW,71.65256076388889,2.6052517361111165
independent,simultaneous,pitch_directed,cel8_188,↖ ↙ ↑ ↓ ←,69.98697916666667,0.9396701388888928
independent,simultaneous,pitch_directed,cel8_188_lw,↖ ↙ ↑ ↓ ← + LW,71.58962673611111,2.5423177083333357
independent,simultaneous,pitch_directed,cel8_189,↗ ↖ ↙ ↑ ↓ ←,69.99457465277777,0.9472656250000017
independent,simultaneous,pitch_directed,cel8_189_lw,↗ ↖ ↙ ↑ ↓ ← + LW,71.79796006944443,2.7506510416666656
independent,simultaneous,pitch_directed,cel8_190,↘ ↖ ↙ ↑ ↓ ←,70.74544270833333,1.6981336805555525
independent,simultaneous,pitch_directed,cel8_190_lw,↘ ↖ ↙ ↑ ↓ ← + LW,72.11046006944444,3.06315104166667
independent,simultaneous,pitch_directed,cel8_191,↗ ↘ ↖ ↙ ↑ ↓ ←,70.33094618055556,1.2836371527777808
independent,simultaneous,pitch_directed,cel8_191_lw,↗ ↘ ↖ ↙ ↑ ↓ ← + LW,71.95855034722223,2.9112413194444464
independent,simultaneous,pitch_directed,cel8_192,→ ←,64.48676215277777,-4.5605468749999964
independent,simultaneous,pitch_directed,cel8_192_lw,→ ← + LW,66.03732638888889,-3.009982638888892
independent,simultaneous,pitch_directed,cel8_193,↗ → ←,69.20464409722223,0.15733506944444753
independent,simultaneous,pitch_directed,cel8_193_lw,↗ → ← + LW,70.35481770833334,1.307508680555558
independent,simultaneous,pitch_directed,cel8_194,↘ → ←,67.67252604166667,-1.374782986111106
independent,simultaneous,pitch_directed,cel8_194_lw,↘ → ← + LW,69.74826388888889,0.700954861111111
independent,simultaneous,pitch_directed,cel8_195,↗ ↘ → ←,69.47591145833333,0.42860243055555247
independent,simultaneous,pitch_directed,cel8_195_lw,↗ ↘ → ← + LW,70.63910590277777,1.591796875000001
independent,simultaneous,pitch_directed,cel8_196,↖ → ←,70.5881076388889,1.5407986111111216
independent,simultaneous,pitch_directed,cel8_196_lw,↖ → ← + LW,71.83485243055556,2.7875434027777786
independent,simultaneous,pitch_directed,cel8_197,↗ ↖ → ←,70.947265625,1.8999565972222214
independent,simultaneous,pitch_directed,cel8_197_lw,↗ ↖ → ← + LW,72.81358506944444,3.766276041666669
independent,simultaneous,pitch_directed,cel8_198,↘ ↖ → ←,71.35633680555556,2.3090277777777835
independent,simultaneous,pitch_directed,cel8_198_lw,↘ ↖ → ← + LW,72.79513888888889,3.7478298611111125
independent,simultaneous,pitch_directed,cel8_199,↗ ↘ ↖ → ←,70.92339409722223,1.8760850694444469
independent,simultaneous,pitch_directed,cel8_199_lw,↗ ↘ ↖ → ← + LW,72.44683159722223,3.3995225694444464
independent,simultaneous,pitch_directed,cel8_200,↙ → ←,69.07335069444444,0.026041666666667962
independent,simultaneous,pitch_directed,cel8_200_lw,↙ → ← + LW,71.33572048611111,2.288411458333334
independent,simultaneous,pitch_directed,cel8_201,↗ ↙ → ←,71.05034722222223,2.003038194444448
independent,simultaneous,pitch_directed,cel8_201_lw,↗ ↙ → ← + LW,72.81684027777779,3.769531250000002
independent,simultaneous,pitch_directed,cel8_202,↘ ↙ → ←,70.85720486111113,1.8098958333333415
independent,simultaneous,pitch_directed,cel8_202_lw,↘ ↙ → ← + LW,72.41102430555554,3.3637152777777732
independent,simultaneous,pitch_directed,cel8_203,↗ ↘ ↙ → ←,71.14474826388889,2.0974392361111094
independent,simultaneous,pitch_directed,cel8_203_lw,↗ ↘ ↙ → ← + LW,72.47504340277777,3.4277343749999996
independent,simultaneous,pitch_directed,cel8_204,↖ ↙ → ←,70.91254340277777,1.8652343750000049
independent,simultaneous,pitch_directed,cel8_204_lw,↖ ↙ → ← + LW,72.119140625,3.071831597222224
independent,simultaneous,pitch_directed,cel8_205,↗ ↖ ↙ → ←,71.02973090277777,1.982421875000004
independent,simultaneous,pitch_directed,cel8_205_lw,↗ ↖ ↙ → ← + LW,72.90581597222223,3.858506944444451
independent,simultaneous,pitch_directed,cel8_206,↘ ↖ ↙ → ←,71.71874999999999,2.6714409722222223
independent,simultaneous,pitch_directed,cel8_206_lw,↘ ↖ ↙ → ← + LW,72.90039062499999,3.8530815972222214
independent,simultaneous,pitch_directed,cel8_207,↗ ↘ ↖ ↙ → ←,71.259765625,2.212456597222223
independent,simultaneous,pitch_directed,cel8_207_lw,↗ ↘ ↖ ↙ → ← + LW,72.82009548611111,3.7727864583333384
independent,simultaneous,pitch_directed,cel8_208,↑ → ←,66.14800347222223,-2.899305555555551
independent,simultaneous,pitch_directed,cel8_208_lw,↑ → ← + LW,66.97699652777777,-2.0703125000000018
independent,simultaneous,pitch_directed,cel8_209,↗ ↑ → ←,69.67447916666667,0.6271701388888884
independent,simultaneous,pitch_directed,cel8_209_lw,↗ ↑ → ← + LW,70.68901909722223,1.6417100694444438
independent,simultaneous,pitch_directed,cel8_210,↘ ↑ → ←,68.70008680555554,-0.347222222222221
independent,simultaneous,pitch_directed,cel8_210_lw,↘ ↑ → ← + LW,70.23328993055557,1.1859809027777835
independent,simultaneous,pitch_directed,cel8_211,↗ ↘ ↑ → ←,69.90885416666669,0.8615451388888945
independent,simultaneous,pitch_directed,cel8_211_lw,↗ ↘ ↑ → ← + LW,70.9125434027778,1.8652343750000078
independent,simultaneous,pitch_directed,cel8_212,↖ ↑ → ←,70.90494791666666,1.8576388888888906
independent,simultaneous,pitch_directed,cel8_212_lw,↖ ↑ → ← + LW,71.92816840277779,2.8808593750000027
independent,simultaneous,pitch_directed,cel8_213,↗ ↖ ↑ → ←,70.771484375,1.7241753472222288
independent,simultaneous,pitch_directed,cel8_213_lw,↗ ↖ ↑ → ← + LW,72.82335069444443,3.7760416666666656
independent,simultaneous,pitch_directed,cel8_214,↘ ↖ ↑ → ←,71.50824652777777,2.4609375000000044
independent,simultaneous,pitch_directed,cel8_214_lw,↘ ↖ ↑ → ← + LW,72.67035590277777,3.623046875000002
independent,simultaneous,pitch_directed,cel8_215,↗ ↘ ↖ ↑ → ←,70.76280381944444,1.7154947916666692
independent,simultaneous,pitch_directed,cel8_215_lw,↗ ↘ ↖ ↑ → ← + LW,72.39474826388889,3.3474392361111134
independent,simultaneous,pitch_directed,cel8_216,↙ ↑ → ←,69.8828125,0.8355034722222293
independent,simultaneous,pitch_directed,cel8_216_lw,↙ ↑ → ← + LW,71.55815972222221,2.510850694444444
independent,simultaneous,pitch_directed,cel8_217,↗ ↙ ↑ → ←,70.92339409722223,1.8760850694444469
independent,simultaneous,pitch_directed,cel8_217_lw,↗ ↙ ↑ → ← + LW,72.68120659722223,3.6338975694444526
independent,simultaneous,pitch_directed,cel8_218,↘ ↙ ↑ → ←,71.19791666666667,2.1506076388888906
independent,simultaneous,pitch_directed,cel8_218_lw,↘ ↙ ↑ → ← + LW,72.392578125,3.3452690972222254
independent,simultaneous,pitch_directed,cel8_219,↗ ↘ ↙ ↑ → ←,71.11545138888889,2.068142361111111
independent,simultaneous,pitch_directed,cel8_219_lw,↗ ↘ ↙ ↑ → ← + LW,72.3828125,3.335503472222226
independent,simultaneous,pitch_directed,cel8_220,↖ ↙ ↑ → ←,71.05251736111111,2.005208333333333
independent,simultaneous,pitch_directed,cel8_220_lw,↖ ↙ ↑ → ← + LW,72.16905381944443,3.1217447916666643
independent,simultaneous,pitch_directed,cel8_221,↗ ↖ ↙ ↑ → ←,70.96137152777777,1.9140624999999967
independent,simultaneous,pitch_directed,cel8_221_lw,↗ ↖ ↙ ↑ → ← + LW,72.86566840277777,3.818359375000002
independent,simultaneous,pitch_directed,cel8_222,↘ ↖ ↙ ↑ → ←,71.58311631944446,2.5358072916666696
independent,simultaneous,pitch_directed,cel8_222_lw,↘ ↖ ↙ ↑ → ← + LW,72.94704861111111,3.899739583333334
independent,simultaneous,pitch_directed,cel8_223,↗ ↘ ↖ ↙ ↑ → ←,71.03841145833333,1.9911024305555525
independent,simultaneous,pitch_directed,cel8_223_lw,↗ ↘ ↖ ↙ ↑ → ← + LW,72.78103298611111,3.7337239583333375
independent,simultaneous,pitch_directed,cel8_224,↓ → ←,65.03146701388887,-4.01584201388889
independent,simultaneous,pitch_directed,cel8_224_lw,↓ → ← + LW,66.71223958333333,-2.33506944444444
independent,simultaneous,pitch_directed,cel8_225,↗ ↓ → ←,69.25021701388889,0.20290798611110605
independent,simultaneous,pitch_directed,cel8_225_lw,↗ ↓ → ← + LW,70.46549479166666,1.418185763888885
independent,simultaneous,pitch_directed,cel8_226,↘ ↓ → ←,67.77235243055554,-1.2749565972222183
independent,simultaneous,pitch_directed,cel8_226_lw,↘ ↓ → ← + LW,70.06076388888889,1.0134548611111098
independent,simultaneous,pitch_directed,cel8_227,↗ ↘ ↓ → ←,69.59743923611111,0.5501302083333381
independent,simultaneous,pitch_directed,cel8_227_lw,↗ ↘ ↓ → ← + LW,70.78125,1.733940972222217
independent,simultaneous,pitch_directed,cel8_228,↖ ↓ → ←,70.70746527777779,1.6601562500000027
independent,simultaneous,pitch_directed,cel8_228_lw,↖ ↓ → ← + LW,71.875,2.827690972222227
independent,simultaneous,pitch_directed,cel8_229,↗ ↖ ↓ → ←,70.94292534722221,1.8956163194444486
independent,simultaneous,pitch_directed,cel8_229_lw,↗ ↖ ↓ → ← + LW,72.77235243055556,3.725043402777781
independent,simultaneous,pitch_directed,cel8_230,↘ ↖ ↓ → ←,71.34874131944444,2.3014322916666634
independent,simultaneous,pitch_directed,cel8_230_lw,↘ ↖ ↓ → ← + LW,72.72352430555556,3.676215277777775
independent,simultaneous,pitch_directed,cel8_231,↗ ↘ ↖ ↓ → ←,70.86588541666666,1.8185763888888902
independent,simultaneous,pitch_directed,cel8_231_lw,↗ ↘ ↖ ↓ → ← + LW,72.40993923611111,3.3626302083333393
independent,simultaneous,pitch_directed,cel8_232,↙ ↓ → ←,69.38368055555556,0.336371527777779
independent,simultaneous,pitch_directed,cel8_232_lw,↙ ↓ → ← + LW,71.48654513888889,2.4392361111111094
independent,simultaneous,pitch_directed,cel8_233,↗ ↙ ↓ → ←,71.00694444444446,1.9596354166666718
independent,simultaneous,pitch_directed,cel8_233_lw,↗ ↙ ↓ → ← + LW,72.77018229166666,3.722873263888893
independent,simultaneous,pitch_directed,cel8_234,↘ ↙ ↓ → ←,70.84418402777779,1.7968750000000033
independent,simultaneous,pitch_directed,cel8_234_lw,↘ ↙ ↓ → ← + LW,72.34592013888889,3.2986111111111107
independent,simultaneous,pitch_directed,cel8_235,↗ ↘ ↙ ↓ → ←,71.18381076388889,2.136501736111107
independent,simultaneous,pitch_directed,cel8_235_lw,↗ ↘ ↙ ↓ → ← + LW,72.35351562500001,3.3062065972222276
independent,simultaneous,pitch_directed,cel8_236,↖ ↙ ↓ → ←,70.99717881944444,1.949869791666664
independent,simultaneous,pitch_directed,cel8_236_lw,↖ ↙ ↓ → ← + LW,72.17122395833333,3.1239149305555576
independent,simultaneous,pitch_directed,cel8_237,↗ ↖ ↙ ↓ → ←,71.03515625,1.987847222222222
independent,simultaneous,pitch_directed,cel8_237_lw,↗ ↖ ↙ ↓ → ← + LW,72.84722222222223,3.7999131944444486
independent,simultaneous,pitch_directed,cel8_238,↘ ↖ ↙ ↓ → ←,71.68945312499999,2.6421440972222237
independent,simultaneous,pitch_directed,cel8_238_lw,↘ ↖ ↙ ↓ → ← + LW,72.86566840277777,3.8183593749999996
independent,simultaneous,pitch_directed,cel8_239,↗ ↘ ↖ ↙ ↓ → ←,71.26519097222221,2.217881944444444
independent,simultaneous,pitch_directed,cel8_239_lw,↗ ↘ ↖ ↙ ↓ → ← + LW,72.72352430555556,3.6762152777777835
independent,simultaneous,pitch_directed,cel8_240,↑ ↓ → ←,66.40082465277779,-2.6464843749999964
independent,simultaneous,pitch_directed,cel8_240_lw,↑ ↓ → ← + LW,67.71701388888887,-1.3302951388888902
independent,simultaneous,pitch_directed,cel8_241,↗ ↑ ↓ → ←,69.73090277777779,0.6835937499999972
independent,simultaneous,pitch_directed,cel8_241_lw,↗ ↑ ↓ → ← + LW,70.82139756944446,1.7740885416666714
independent,simultaneous,pitch_directed,cel8_242,↘ ↑ ↓ → ←,68.69466145833333,-0.352647569444442
independent,simultaneous,pitch_directed,cel8_242_lw,↘ ↑ ↓ → ← + LW,70.24956597222223,1.202256944444449
independent,simultaneous,pitch_directed,cel8_243,↗ ↘ ↑ ↓ → ←,70.00108506944444,0.953776041666668
independent,simultaneous,pitch_directed,cel8_243_lw,↗ ↘ ↑ ↓ → ← + LW,70.98524305555556,1.9379340277777852
independent,simultaneous,pitch_directed,cel8_244,↖ ↑ ↓ → ←,70.908203125,1.8608940972222237
independent,simultaneous,pitch_directed,cel8_244_lw,↖ ↑ ↓ → ← + LW,71.91514756944444,2.867838541666673
independent,simultaneous,pitch_directed,cel8_245,↗ ↖ ↑ ↓ → ←,70.70855034722221,1.6612413194444482
independent,simultaneous,pitch_directed,cel8_245_lw,↗ ↖ ↑ ↓ → ← + LW,72.81575520833333,3.76844618055556
independent,simultaneous,pitch_directed,cel8_246,↘ ↖ ↑ ↓ → ←,71.43663194444446,2.3893229166666696
independent,simultaneous,pitch_directed,cel8_246_lw,↘ ↖ ↑ ↓ → ← + LW,72.62803819444444,3.580729166666674
independent,simultaneous,pitch_directed,cel8_247,↗ ↘ ↖ ↑ ↓ → ←,70.76280381944444,1.7154947916666692
independent,simultaneous,pitch_directed,cel8_247_lw,↗ ↘ ↖ ↑ ↓ → ← + LW,72.29383680555556,3.2465277777777803
independent,simultaneous,pitch_directed,cel8_248,↙ ↑ ↓ → ←,69.93381076388889,0.8865017361111172
independent,simultaneous,pitch_directed,cel8_248_lw,↙ ↑ ↓ → ← + LW,71.57118055555556,2.5238715277777795
independent,simultaneous,pitch_directed,cel8_249,↗ ↙ ↑ ↓ → ←,70.94509548611111,1.8977864583333308
independent,simultaneous,pitch_directed,cel8_249_lw,↗ ↙ ↑ ↓ → ← + LW,72.56618923611111,3.5188802083333357
independent,simultaneous,pitch_directed,cel8_250,↘ ↙ ↑ ↓ → ←,71.02647569444443,1.9791666666666679
independent,simultaneous,pitch_directed,cel8_250_lw,↘ ↙ ↑ ↓ → ← + LW,72.10286458333334,3.0555555555555616
independent,simultaneous,pitch_directed,cel8_251,↗ ↘ ↙ ↑ ↓ → ←,71.16644965277779,2.1191406250000018
independent,simultaneous,pitch_directed,cel8_251_lw,↗ ↘ ↙ ↑ ↓ → ← + LW,72.25260416666667,3.205295138888892
independent,simultaneous,pitch_directed,cel8_252,↖ ↙ ↑ ↓ → ←,71.08398437500001,2.036675347222225
independent,simultaneous,pitch_directed,cel8_252_lw,↖ ↙ ↑ ↓ → ← + LW,72.17339409722221,3.1260850694444455
independent,simultaneous,pitch_directed,cel8_253,↗ ↖ ↙ ↑ ↓ → ←,71.00477430555556,1.9574652777777786
independent,simultaneous,pitch_directed,cel8_253_lw,↗ ↖ ↙ ↑ ↓ → ← + LW,72.841796875,3.794487847222225
independent,simultaneous,pitch_directed,cel8_254,↘ ↖ ↙ ↑ ↓ → ←,71.5625,2.5151909722222197
independent,simultaneous,pitch_directed,cel8_254_lw,↘ ↖ ↙ ↑ ↓ → ← + LW,72.90473090277777,3.8574218749999973
independent,simultaneous,pitch_directed,cel8_255,↗ ↘ ↖ ↙ ↑ ↓ → ←,71.0525173611111,2.005208333333333
independent,simultaneous,pitch_directed,cel8_255_lw,↗ ↘ ↖ ↙ ↑ ↓ → ← + LW,72.66276041666666,3.6154513888888906
independent,simultaneous,onset_directed,cel8_001,↗,65.09440104166666,0.05750868055555691
independent,simultaneous,onset_directed,cel8_001_lw,↗ + LW,63.791232638888886,-1.2456597222222228
independent,simultaneous,onset_directed,cel8_002,↘,65.32118055555554,0.28428819444444586
independent,simultaneous,onset_directed,cel8_002_lw,↘ + LW,65.35590277777777,0.31901041666666796
independent,simultaneous,onset_directed,cel8_003,↗ ↘,65.38411458333333,0.34722222222222376
independent,simultaneous,onset_directed,cel8_003_lw,↗ ↘ + LW,65.28103298611111,0.24414062500000278
independent,simultaneous,onset_directed,cel8_004,↖,56.284722222222214,-8.752170138888888
independent,simultaneous,onset_directed,cel8_004_lw,↖ + LW,56.337890625,-8.69900173611111
independent,simultaneous,onset_directed,cel8_005,↗ ↖,64.70269097222221,-0.33420138888888284
independent,simultaneous,onset_directed,cel8_005_lw,↗ ↖ + LW,63.77495659722222,-1.2619357638888884
independent,simultaneous,onset_directed,cel8_006,↘ ↖,62.214626736111114,-2.822265624999998
independent,simultaneous,onset_directed,cel8_006_lw,↘ ↖ + LW,64.31315104166666,-0.7237413194444459
independent,simultaneous,onset_directed,cel8_007,↗ ↘ ↖,65.21158854166667,0.1746961805555558
independent,simultaneous,onset_directed,cel8_007_lw,↗ ↘ ↖ + LW,64.91536458333333,-0.12152777777777457
independent,simultaneous,onset_directed,cel8_008,↙,57.87326388888889,-7.16362847222222
independent,simultaneous,onset_directed,cel8_008_lw,↙ + LW,56.15559895833333,-8.881293402777777
independent,simultaneous,onset_directed,cel8_009,↗ ↙,65.38845486111111,0.3515625000000022
independent,simultaneous,onset_directed,cel8_009_lw,↗ ↙ + LW,63.851996527777786,-1.184895833333327
independent,simultaneous,onset_directed,cel8_010,↘ ↙,65.13020833333334,0.09331597222222432
independent,simultaneous,onset_directed,cel8_010_lw,↘ ↙ + LW,64.70920138888889,-0.3276909722222193
independent,simultaneous,onset_directed,cel8_011,↗ ↘ ↙,65.7888454861111,0.7519531249999989
independent,simultaneous,onset_directed,cel8_011_lw,↗ ↘ ↙ + LW,65.27452256944444,0.23763020833333648
independent,simultaneous,onset_directed,cel8_012,↖ ↙,56.815321180555564,-8.22157118055555
independent,simultaneous,onset_directed,cel8_012_lw,↖ ↙ + LW,56.62000868055554,-8.416883680555557
independent,simultaneous,onset_directed,cel8_013,↗ ↖ ↙,64.38259548611111,-0.6542968749999989
independent,simultaneous,onset_directed,cel8_013_lw,↗ ↖ ↙ + LW,63.34418402777777,-1.6927083333333344
independent,simultaneous,onset_directed,cel8_014,↘ ↖ ↙,62.020399305555564,-3.0164930555555496
independent,simultaneous,onset_directed,cel8_014_lw,↘ ↖ ↙ + LW,63.901909722222214,-1.1349826388888902
independent,simultaneous,onset_directed,cel8_015,↗ ↘ ↖ ↙,65.03689236111111,0.0
independent,simultaneous,onset_directed,cel8_015_lw,↗ ↘ ↖ ↙ + LW,64.84483506944446,-0.1920572916666613
independent,simultaneous,onset_directed,cel8_016,↑,65.15299479166667,0.11610243055555913
independent,simultaneous,onset_directed,cel8_016_lw,↑ + LW,63.88237847222222,-1.1545138888888862
independent,simultaneous,onset_directed,cel8_017,↗ ↑,67.24066840277779,2.203776041666669
independent,simultaneous,onset_directed,cel8_017_lw,↗ ↑ + LW,66.08615451388889,1.0492621527777801
independent,simultaneous,onset_directed,cel8_018,↘ ↑,67.68229166666666,2.6453993055555514
independent,simultaneous,onset_directed,cel8_018_lw,↘ ↑ + LW,67.11263020833333,2.0757378472222254
independent,simultaneous,onset_directed,cel8_019,↗ ↘ ↑,67.14626736111111,2.109375000000002
independent,simultaneous,onset_directed,cel8_019_lw,↗ ↘ ↑ + LW,66.66775173611111,1.6308593750000018
independent,simultaneous,onset_directed,cel8_020,↖ ↑,60.24739583333333,-4.789496527777781
independent,simultaneous,onset_directed,cel8_020_lw,↖ ↑ + LW,60.367838541666664,-4.669053819444446
independent,simultaneous,onset_directed,cel8_021,↗ ↖ ↑,65.48394097222221,0.4470486111111144
independent,simultaneous,onset_directed,cel8_021_lw,↗ ↖ ↑ + LW,64.67230902777777,-0.36458333333333204
independent,simultaneous,onset_directed,cel8_022,↘ ↖ ↑,64.00390625000001,-1.0329861111111116
independent,simultaneous,onset_directed,cel8_022_lw,↘ ↖ ↑ + LW,65.47743055555554,0.4405381944444453
independent,simultaneous,onset_directed,cel8_023,↗ ↘ ↖ ↑,65.68901909722223,0.652126736111111
independent,simultaneous,onset_directed,cel8_023_lw,↗ ↘ ↖ ↑ + LW,65.654296875,0.6174045138888917
independent,simultaneous,onset_directed,cel8_024,↙ ↑,64.619140625,-0.4177517361111077
independent,simultaneous,onset_directed,cel8_024_lw,↙ ↑ + LW,60.554470486111114,-4.482421875000001
independent,simultaneous,onset_directed,cel8_025,↗ ↙ ↑,66.57335069444444,1.5364583333333348
independent,simultaneous,onset_directed,cel8_025_lw,↗ ↙ ↑ + LW,64.8828125,-0.15407986111110883
independent,simultaneous,onset_directed,cel8_026,↘ ↙ ↑,66.50282118055554,1.4659288194444453
independent,simultaneous,onset_directed,cel8_026_lw,↘ ↙ ↑ + LW,65.64453125,0.6076388888888923
independent,simultaneous,onset_directed,cel8_027,↗ ↘ ↙ ↑,66.75130208333333,1.7144097222222265
independent,simultaneous,onset_directed,cel8_027_lw,↗ ↘ ↙ ↑ + LW,66.05034722222223,1.0134548611111127
independent,simultaneous,onset_directed,cel8_028,↖ ↙ ↑,60.38519965277778,-4.651692708333336
independent,simultaneous,onset_directed,cel8_028_lw,↖ ↙ ↑ + LW,59.16124131944444,-5.875651041666666
independent,simultaneous,onset_directed,cel8_029,↗ ↖ ↙ ↑,65.31358506944446,0.27669270833333703
independent,simultaneous,onset_directed,cel8_029_lw,↗ ↖ ↙ ↑ + LW,64.11675347222223,-0.9201388888888856
independent,simultaneous,onset_directed,cel8_030,↘ ↖ ↙ ↑,63.4765625,-1.5603298611111094
independent,simultaneous,onset_directed,cel8_030_lw,↘ ↖ ↙ ↑ + LW,64.68098958333334,-0.35590277777777235
independent,simultaneous,onset_directed,cel8_031,↗ ↘ ↖ ↙ ↑,65.556640625,0.5197482638888917
independent,simultaneous,onset_directed,cel8_031_lw,↗ ↘ ↖ ↙ ↑ + LW,65.38736979166667,0.3504774305555569
independent,simultaneous,onset_directed,cel8_032,↓,62.40125868055555,-2.635633680555552
independent,simultaneous,onset_directed,cel8_032_lw,↓ + LW,64.41080729166666,-0.6260850694444459
independent,simultaneous,onset_directed,cel8_033,↗ ↓,66.533203125,1.4963107638888862
independent,simultaneous,onset_directed,cel8_033_lw,↗ ↓ + LW,66.37586805555556,1.3389756944444442
independent,simultaneous,onset_directed,cel8_034,↘ ↓,67.35460069444443,2.317708333333332
independent,simultaneous,onset_directed,cel8_034_lw,↘ ↓ + LW,67.6247829861111,2.587890625
independent,simultaneous,onset_directed,cel8_035,↗ ↘ ↓,66.66341145833333,1.6265190972222205
independent,simultaneous,onset_directed,cel8_035_lw,↗ ↘ ↓ + LW,66.41493055555556,1.3780381944444446
independent,simultaneous,onset_directed,cel8_036,↖ ↓,58.08159722222223,-6.955295138888887
independent,simultaneous,onset_directed,cel8_036_lw,↖ ↓ + LW,60.294053819444436,-4.742838541666666
independent,simultaneous,onset_directed,cel8_037,↗ ↖ ↓,65.14105902777779,0.1041666666666663
independent,simultaneous,onset_directed,cel8_037_lw,↗ ↖ ↓ + LW,64.62239583333333,-0.41449652777777735
independent,simultaneous,onset_directed,cel8_038,↘ ↖ ↓,62.94813368055555,-2.088758680555558
independent,simultaneous,onset_directed,cel8_038_lw,↘ ↖ ↓ + LW,65.3298611111111,0.2929687499999972
independent,simultaneous,onset_directed,cel8_039,↗ ↘ ↖ ↓,65.49696180555556,0.4600694444444442
independent,simultaneous,onset_directed,cel8_039_lw,↗ ↘ ↖ ↓ + LW,65.61957465277779,0.5826822916666696
independent,simultaneous,onset_directed,cel8_040,↙ ↓,62.16471354166667,-2.87217881944444
independent,simultaneous,onset_directed,cel8_040_lw,↙ ↓ + LW,60.80620659722222,-4.230685763888886
independent,simultaneous,onset_directed,cel8_041,↗ ↙ ↓,65.90711805555556,0.8702256944444431
independent,simultaneous,onset_directed,cel8_041_lw,↗ ↙ ↓ + LW,64.85677083333331,-0.1801215277777768
independent,simultaneous,onset_directed,cel8_042,↘ ↙ ↓,65.66840277777777,0.6315104166666669
independent,simultaneous,onset_directed,cel8_042_lw,↘ ↙ ↓ + LW,65.47309027777779,0.4361979166666696
independent,simultaneous,onset_directed,cel8_043,↗ ↘ ↙ ↓,66.20659722222221,1.169704861111112
independent,simultaneous,onset_directed,cel8_043_lw,↗ ↘ ↙ ↓ + LW,65.94292534722223,0.9060329861111133
independent,simultaneous,onset_directed,cel8_044,↖ ↙ ↓,58.30186631944444,-6.735026041666667
independent,simultaneous,onset_directed,cel8_044_lw,↖ ↙ ↓ + LW,59.401041666666664,-5.635850694444441
independent,simultaneous,onset_directed,cel8_045,↗ ↖ ↙ ↓,64.8828125,-0.1540798611111116
independent,simultaneous,onset_directed,cel8_045_lw,↗ ↖ ↙ ↓ + LW,64.05924479166667,-0.9776475694444425
independent,simultaneous,onset_directed,cel8_046,↘ ↖ ↙ ↓,62.588975694444436,-2.447916666666666
independent,simultaneous,onset_directed,cel8_046_lw,↘ ↖ ↙ ↓ + LW,64.4216579861111,-0.6152343750000011
independent,simultaneous,onset_directed,cel8_047,↗ ↘ ↖ ↙ ↓,65.33637152777779,0.2994791666666663
independent,simultaneous,onset_directed,cel8_047_lw,↗ ↘ ↖ ↙ ↓ + LW,65.48068576388889,0.44379340277777846
independent,simultaneous,onset_directed,cel8_048,↑ ↓,65.41992187500001,0.38302951388889395
independent,simultaneous,onset_directed,cel8_048_lw,↑ ↓ + LW,65.71180555555556,0.6749131944444459
independent,simultaneous,onset_directed,cel8_049,↗ ↑ ↓,67.5466579861111,2.5097656250000018
independent,simultaneous,onset_directed,cel8_049_lw,↗ ↑ ↓ + LW,66.95855034722221,1.9216579861111112
independent,simultaneous,onset_directed,cel8_050,↘ ↑ ↓,67.80924479166667,2.7723524305555554
independent,simultaneous,onset_directed,cel8_050_lw,↘ ↑ ↓ + LW,67.73111979166666,2.694227430555554
independent,simultaneous,onset_directed,cel8_051,↗ ↘ ↑ ↓,67.87543402777777,2.838541666666666
independent,simultaneous,onset_directed,cel8_051_lw,↗ ↘ ↑ ↓ + LW,67.45225694444444,2.415364583333335
independent,simultaneous,onset_directed,cel8_052,↖ ↑ ↓,60.98198784722222,-4.054904513888885
independent,simultaneous,onset_directed,cel8_052_lw,↖ ↑ ↓ + LW,62.318793402777786,-2.7180989583333313
independent,simultaneous,onset_directed,cel8_053,↗ ↖ ↑ ↓,65.69444444444444,0.6575520833333431
independent,simultaneous,onset_directed,cel8_053_lw,↗ ↖ ↑ ↓ + LW,65.27126736111111,0.23437500000000333
independent,simultaneous,onset_directed,cel8_054,↘ ↖ ↑ ↓,64.27408854166667,-0.7628038194444436
independent,simultaneous,onset_directed,cel8_054_lw,↘ ↖ ↑ ↓ + LW,65.92447916666667,0.8875868055555597
independent,simultaneous,onset_directed,cel8_055,↗ ↘ ↖ ↑ ↓,66.09157986111111,1.054687500000004
independent,simultaneous,onset_directed,cel8_055_lw,↗ ↘ ↖ ↑ ↓ + LW,66.12847222222223,1.0915798611111112
independent,simultaneous,onset_directed,cel8_056,↙ ↑ ↓,65.42534722222221,0.38845486111111216
independent,simultaneous,onset_directed,cel8_056_lw,↙ ↑ ↓ + LW,62.63454861111111,-2.4023437499999964
independent,simultaneous,onset_directed,cel8_057,↗ ↙ ↑ ↓,66.92274305555557,1.885850694444449
independent,simultaneous,onset_directed,cel8_057_lw,↗ ↙ ↑ ↓ + LW,65.41015625,0.3732638888888862
independent,simultaneous,onset_directed,cel8_058,↘ ↙ ↑ ↓,66.93142361111111,1.8945312500000033
independent,simultaneous,onset_directed,cel8_058_lw,↘ ↙ ↑ ↓ + LW,65.85394965277777,0.8170572916666674
independent,simultaneous,onset_directed,cel8_059,↗ ↘ ↙ ↑ ↓,67.14192708333333,2.1050347222222237
independent,simultaneous,onset_directed,cel8_059_lw,↗ ↘ ↙ ↑ ↓ + LW,66.26736111111111,1.2304687499999967
independent,simultaneous,onset_directed,cel8_060,↖ ↙ ↑ ↓,60.96245659722223,-4.074435763888884
independent,simultaneous,onset_directed,cel8_060_lw,↖ ↙ ↑ ↓ + LW,60.98958333333333,-4.047309027777776
independent,simultaneous,onset_directed,cel8_061,↗ ↖ ↙ ↑ ↓,65.5588107638889,0.5219184027777796
independent,simultaneous,onset_directed,cel8_061_lw,↗ ↖ ↙ ↑ ↓ + LW,64.64301215277779,-0.39388020833333315
independent,simultaneous,onset_directed,cel8_062,↘ ↖ ↙ ↑ ↓,63.88129340277777,-1.1555989583333315
independent,simultaneous,onset_directed,cel8_062_lw,↘ ↖ ↙ ↑ ↓ + LW,65.12369791666667,0.08680555555555247
independent,simultaneous,onset_directed,cel8_063,↗ ↘ ↖ ↙ ↑ ↓,65.89735243055556,0.8604600694444492
independent,simultaneous,onset_directed,cel8_063_lw,↗ ↘ ↖ ↙ ↑ ↓ + LW,65.76280381944444,0.7259114583333365
independent,simultaneous,onset_directed,cel8_064,→,55.10850694444444,-9.92838541666666
independent,simultaneous,onset_directed,cel8_064_lw,→ + LW,55.632595486111114,-9.404296875000002
independent,simultaneous,onset_directed,cel8_065,↗ →,64.01909722222221,-1.0177951388888884
independent,simultaneous,onset_directed,cel8_065_lw,↗ → + LW,61.78602430555556,-3.250868055555553
independent,simultaneous,onset_directed,cel8_066,↘ →,62.54991319444445,-2.4869791666666643
independent,simultaneous,onset_directed,cel8_066_lw,↘ → + LW,62.65842013888889,-2.378472222222219
independent,simultaneous,onset_directed,cel8_067,↗ ↘ →,64.64735243055554,-0.3895399305555547
independent,simultaneous,onset_directed,cel8_067_lw,↗ ↘ → + LW,63.92903645833334,-1.1078559027777712
independent,simultaneous,onset_directed,cel8_068,↖ →,56.291232638888886,-8.745659722222218
independent,simultaneous,onset_directed,cel8_068_lw,↖ → + LW,56.82508680555556,-8.211805555555552
independent,simultaneous,onset_directed,cel8_069,↗ ↖ →,64.06358506944446,-0.9733072916666669
independent,simultaneous,onset_directed,cel8_069_lw,↗ ↖ → + LW,62.30794270833333,-2.7289496527777732
independent,simultaneous,onset_directed,cel8_070,↘ ↖ →,61.34006076388889,-3.6968315972222223
independent,simultaneous,onset_directed,cel8_070_lw,↘ ↖ → + LW,62.77886284722223,-2.2580295138888844
independent,simultaneous,onset_directed,cel8_071,↗ ↘ ↖ →,64.69401041666667,-0.34288194444443976
independent,simultaneous,onset_directed,cel8_071_lw,↗ ↘ ↖ → + LW,63.81727430555556,-1.2196180555555576
independent,simultaneous,onset_directed,cel8_072,↙ →,57.868923611111114,-7.167968750000001
independent,simultaneous,onset_directed,cel8_072_lw,↙ → + LW,57.102864583333336,-7.934027777777775
independent,simultaneous,onset_directed,cel8_073,↗ ↙ →,64.40212673611111,-0.634765625
independent,simultaneous,onset_directed,cel8_073_lw,↗ ↙ → + LW,62.556423611111114,-2.4804687500000004
independent,simultaneous,onset_directed,cel8_074,↘ ↙ →,62.91992187500001,-2.116970486111111
independent,simultaneous,onset_directed,cel8_074_lw,↘ ↙ → + LW,62.94921874999999,-2.08767361111111
independent,simultaneous,onset_directed,cel8_075,↗ ↘ ↙ →,65.12586805555556,0.08897569444444586
independent,simultaneous,onset_directed,cel8_075_lw,↗ ↘ ↙ → + LW,64.1015625,-0.9353298611111116
independent,simultaneous,onset_directed,cel8_076,↖ ↙ →,56.77517361111112,-8.261718749999995
independent,simultaneous,onset_directed,cel8_076_lw,↖ ↙ → + LW,56.974826388888886,-8.062065972222223
independent,simultaneous,onset_directed,cel8_077,↗ ↖ ↙ →,64.01801215277779,-1.0188802083333282
independent,simultaneous,onset_directed,cel8_077_lw,↗ ↖ ↙ → + LW,62.272135416666664,-2.7647569444444438
independent,simultaneous,onset_directed,cel8_078,↘ ↖ ↙ →,61.515842013888886,-3.5210503472222183
independent,simultaneous,onset_directed,cel8_078_lw,↘ ↖ ↙ → + LW,62.662760416666664,-2.3741319444444438
independent,simultaneous,onset_directed,cel8_079,↗ ↘ ↖ ↙ →,64.73415798611111,-0.30273437499999944
independent,simultaneous,onset_directed,cel8_079_lw,↗ ↘ ↖ ↙ → + LW,63.887803819444436,-1.1490885416666679
independent,simultaneous,onset_directed,cel8_080,↑ →,61.66666666666667,-3.3702256944444424
independent,simultaneous,onset_directed,cel8_080_lw,↑ → + LW,59.83289930555556,-5.203993055555555
independent,simultaneous,onset_directed,cel8_081,↗ ↑ →,65.81054687499999,0.7736545138888884
independent,simultaneous,onset_directed,cel8_081_lw,↗ ↑ → + LW,63.777126736111114,-1.2597656249999978
independent,simultaneous,onset_directed,cel8_082,↘ ↑ →,65.26258680555554,0.22569444444444364
independent,simultaneous,onset_directed,cel8_082_lw,↘ ↑ → + LW,64.15581597222221,-0.8810763888888878
independent,simultaneous,onset_directed,cel8_083,↗ ↘ ↑ →,66.20225694444444,1.1653645833333393
independent,simultaneous,onset_directed,cel8_083_lw,↗ ↘ ↑ → + LW,65.2029079861111,0.16601562500000167
independent,simultaneous,onset_directed,cel8_084,↖ ↑ →,59.22634548611111,-5.810546874999997
independent,simultaneous,onset_directed,cel8_084_lw,↖ ↑ → + LW,59.006076388888886,-6.03081597222222
independent,simultaneous,onset_directed,cel8_085,↗ ↖ ↑ →,64.73307291666667,-0.30381944444444475
independent,simultaneous,onset_directed,cel8_085_lw,↗ ↖ ↑ → + LW,63.427734375,-1.6091579861111094
independent,simultaneous,onset_directed,cel8_086,↘ ↖ ↑ →,62.978515625,-2.058376736111109
independent,simultaneous,onset_directed,cel8_086_lw,↘ ↖ ↑ → + LW,63.743489583333336,-1.2934027777777746
independent,simultaneous,onset_directed,cel8_087,↗ ↘ ↖ ↑ →,65.361328125,0.3244357638888917
independent,simultaneous,onset_directed,cel8_087_lw,↗ ↘ ↖ ↑ → + LW,64.67664930555556,-0.3602430555555508
independent,simultaneous,onset_directed,cel8_088,↙ ↑ →,62.15711805555556,-2.8797743055555576
independent,simultaneous,onset_directed,cel8_088_lw,↙ ↑ → + LW,59.26323784722223,-5.77365451388889
independent,simultaneous,onset_directed,cel8_089,↗ ↙ ↑ →,65.62065972222221,0.5837673611111149
independent,simultaneous,onset_directed,cel8_089_lw,↗ ↙ ↑ → + LW,63.403862847222214,-1.6330295138888866
independent,simultaneous,onset_directed,cel8_090,↘ ↙ ↑ →,64.8708767361111,-0.16601562500000444
independent,simultaneous,onset_directed,cel8_090_lw,↘ ↙ ↑ → + LW,63.858506944444436,-1.1783854166666634
independent,simultaneous,onset_directed,cel8_091,↗ ↘ ↙ ↑ →,66.12630208333333,1.0894097222222259
independent,simultaneous,onset_directed,cel8_091_lw,↗ ↘ ↙ ↑ → + LW,64.8122829861111,-0.22460937500000389
independent,simultaneous,onset_directed,cel8_092,↖ ↙ ↑ →,59.635416666666664,-5.401475694444446
independent,simultaneous,onset_directed,cel8_092_lw,↖ ↙ ↑ → + LW,58.460286458333336,-6.576605902777777
independent,simultaneous,onset_directed,cel8_093,↗ ↖ ↙ ↑ →,64.81770833333333,-0.21918402777778012
independent,simultaneous,onset_directed,cel8_093_lw,↗ ↖ ↙ ↑ → + LW,62.99262152777778,-2.044270833333331
independent,simultaneous,onset_directed,cel8_094,↘ ↖ ↙ ↑ →,62.87868923611111,-2.1582031249999964
independent,simultaneous,onset_directed,cel8_094_lw,↘ ↖ ↙ ↑ → + LW,63.41796875000001,-1.6189236111111032
independent,simultaneous,onset_directed,cel8_095,↗ ↘ ↖ ↙ ↑ →,65.34722222222223,0.3103298611111138
independent,simultaneous,onset_directed,cel8_095_lw,↗ ↘ ↖ ↙ ↑ → + LW,64.58441840277777,-0.4524739583333326
independent,simultaneous,onset_directed,cel8_096,↓ →,59.13194444444445,-5.904947916666662
independent,simultaneous,onset_directed,cel8_096_lw,↓ → + LW,59.791666666666664,-5.245225694444445
independent,simultaneous,onset_directed,cel8_097,↗ ↓ →,65.19097222222221,0.1540798611111116
independent,simultaneous,onset_directed,cel8_097_lw,↗ ↓ → + LW,63.940972222222214,-1.0959201388888866
independent,simultaneous,onset_directed,cel8_098,↘ ↓ →,64.28493923611111,-0.7519531249999961
independent,simultaneous,onset_directed,cel8_098_lw,↘ ↓ → + LW,64.42057291666667,-0.6163194444444381
independent,simultaneous,onset_directed,cel8_099,↗ ↘ ↓ →,65.53059895833333,0.49370659722222376
independent,simultaneous,onset_directed,cel8_099_lw,↗ ↘ ↓ → + LW,65.22786458333333,0.19097222222222432
independent,simultaneous,onset_directed,cel8_100,↖ ↓ →,57.43272569444444,-7.604166666666662
independent,simultaneous,onset_directed,cel8_100_lw,↖ ↓ → + LW,59.03754340277778,-5.999348958333334
independent,simultaneous,onset_directed,cel8_101,↗ ↖ ↓ →,64.42165798611111,-0.6152343749999983
independent,simultaneous,onset_directed,cel8_101_lw,↗ ↖ ↓ → + LW,63.31054687499999,-1.7263454861111138
independent,simultaneous,onset_directed,cel8_102,↘ ↖ ↓ →,61.807725694444436,-3.2291666666666634
independent,simultaneous,onset_directed,cel8_102_lw,↘ ↖ ↓ → + LW,63.50043402777777,-1.5364583333333321
independent,simultaneous,onset_directed,cel8_103,↗ ↘ ↖ ↓ →,65.00217013888889,-0.03472222222221932
independent,simultaneous,onset_directed,cel8_103_lw,↗ ↘ ↖ ↓ → + LW,64.58658854166667,-0.45030381944444475
independent,simultaneous,onset_directed,cel8_104,↙ ↓ →,59.90776909722222,-5.1291232638888875
independent,simultaneous,onset_directed,cel8_104_lw,↙ ↓ → + LW,59.140625,-5.89626736111111
independent,simultaneous,onset_directed,cel8_105,↗ ↙ ↓ →,65.20182291666666,0.16493055555555913
independent,simultaneous,onset_directed,cel8_105_lw,↗ ↙ ↓ → + LW,63.410373263888886,-1.6265190972222259
independent,simultaneous,onset_directed,cel8_106,↘ ↙ ↓ →,63.61979166666667,-1.417100694444437
independent,simultaneous,onset_directed,cel8_106_lw,↘ ↙ ↓ → + LW,63.60894097222223,-1.4279513888888873
independent,simultaneous,onset_directed,cel8_107,↗ ↘ ↙ ↓ →,65.712890625,0.675998263888894
independent,simultaneous,onset_directed,cel8_107_lw,↗ ↘ ↙ ↓ → + LW,64.75477430555556,-0.28211805555555525
independent,simultaneous,onset_directed,cel8_108,↖ ↙ ↓ →,57.990451388888886,-7.0464409722222205
independent,simultaneous,onset_directed,cel8_108_lw,↖ ↙ ↓ → + LW,58.615451388888886,-6.421440972222225
independent,simultaneous,onset_directed,cel8_109,↗ ↖ ↙ ↓ →,64.41948784722223,-0.6174045138888862
independent,simultaneous,onset_directed,cel8_109_lw,↗ ↖ ↙ ↓ → + LW,62.890625,-2.146267361111115
independent,simultaneous,onset_directed,cel8_110,↘ ↖ ↙ ↓ →,62.06597222222222,-2.9709201388888884
independent,simultaneous,onset_directed,cel8_110_lw,↘ ↖ ↙ ↓ → + LW,63.14670138888889,-1.890190972222225
independent,simultaneous,onset_directed,cel8_111,↗ ↘ ↖ ↙ ↓ →,65.00217013888889,-0.03472222222221932
independent,simultaneous,onset_directed,cel8_111_lw,↗ ↘ ↖ ↙ ↓ → + LW,64.51063368055556,-0.5262586805555552
independent,simultaneous,onset_directed,cel8_112,↑ ↓ →,62.60850694444444,-2.42838541666667
independent,simultaneous,onset_directed,cel8_112_lw,↑ ↓ → + LW,61.33355034722222,-3.7033420138888857
independent,simultaneous,onset_directed,cel8_113,↗ ↑ ↓ →,65.92447916666666,0.8875868055555569
independent,simultaneous,onset_directed,cel8_113_lw,↗ ↑ ↓ → + LW,64.55403645833333,-0.482855902777779
independent,simultaneous,onset_directed,cel8_114,↘ ↑ ↓ →,65.60438368055556,0.5674913194444464
independent,simultaneous,onset_directed,cel8_114_lw,↘ ↑ ↓ → + LW,65.07161458333334,0.03472222222221932
independent,simultaneous,onset_directed,cel8_115,↗ ↘ ↑ ↓ →,66.77300347222223,1.736111111111116
independent,simultaneous,onset_directed,cel8_115_lw,↗ ↘ ↑ ↓ → + LW,65.8713107638889,0.8344184027777812
independent,simultaneous,onset_directed,cel8_116,↖ ↑ ↓ →,59.790581597222214,-5.246310763888889
independent,simultaneous,onset_directed,cel8_116_lw,↖ ↑ ↓ → + LW,60.533854166666664,-4.503038194444445
independent,simultaneous,onset_directed,cel8_117,↗ ↖ ↑ ↓ →,64.97178819444444,-0.06510416666666019
independent,simultaneous,onset_directed,cel8_117_lw,↗ ↖ ↑ ↓ → + LW,63.88563368055556,-1.1512586805555558
independent,simultaneous,onset_directed,cel8_118,↘ ↖ ↑ ↓ →,63.33441840277778,-1.7024739583333308
independent,simultaneous,onset_directed,cel8_118_lw,↘ ↖ ↑ ↓ → + LW,64.24587673611111,-0.7910156249999994
independent,simultaneous,onset_directed,cel8_119,↗ ↘ ↖ ↑ ↓ →,65.46983506944444,0.43294270833334203
independent,simultaneous,onset_directed,cel8_119_lw,↗ ↘ ↖ ↑ ↓ → + LW,65.10308159722223,0.0661892361111166
independent,simultaneous,onset_directed,cel8_120,↙ ↑ ↓ →,62.898220486111114,-2.138671874999998
independent,simultaneous,onset_directed,cel8_120_lw,↙ ↑ ↓ → + LW,60.66406250000001,-4.372829861111111
independent,simultaneous,onset_directed,cel8_121,↗ ↙ ↑ ↓ →,65.86697048611111,0.8300781250000028
independent,simultaneous,onset_directed,cel8_121_lw,↗ ↙ ↑ ↓ → + LW,63.90950520833334,-1.1273871527777757
independent,simultaneous,onset_directed,cel8_122,↘ ↙ ↑ ↓ →,65.06184895833333,0.024956597222222654
independent,simultaneous,onset_directed,cel8_122_lw,↘ ↙ ↑ ↓ → + LW,64.47374131944444,-0.5631510416666624
independent,simultaneous,onset_directed,cel8_123,↗ ↘ ↙ ↑ ↓ →,66.37586805555557,1.3389756944444442
independent,simultaneous,onset_directed,cel8_123_lw,↗ ↘ ↙ ↑ ↓ → + LW,65.27560763888889,0.23871527777777624
independent,simultaneous,onset_directed,cel8_124,↖ ↙ ↑ ↓ →,60.28428819444444,-4.752604166666666
independent,simultaneous,onset_directed,cel8_124_lw,↖ ↙ ↑ ↓ → + LW,59.879557291666664,-5.157335069444446
independent,simultaneous,onset_directed,cel8_125,↗ ↖ ↙ ↑ ↓ →,64.95551215277779,-0.08138020833333426
independent,simultaneous,onset_directed,cel8_125_lw,↗ ↖ ↙ ↑ ↓ → + LW,63.59266493055556,-1.4442274305555531
independent,simultaneous,onset_directed,cel8_126,↘ ↖ ↙ ↑ ↓ →,63.27473958333334,-1.7621527777777757
independent,simultaneous,onset_directed,cel8_126_lw,↘ ↖ ↙ ↑ ↓ → + LW,63.836805555555564,-1.2000868055555503
independent,simultaneous,onset_directed,cel8_127,↗ ↘ ↖ ↙ ↑ ↓ →,65.576171875,0.5392795138888906
independent,simultaneous,onset_directed,cel8_127_lw,↗ ↘ ↖ ↙ ↑ ↓ → + LW,64.93164062499999,-0.10525173611110883
independent,simultaneous,onset_directed,cel8_128,←,50.798611111111114,-14.238281249999996
independent,simultaneous,onset_directed,cel8_128_lw,← + LW,50.946180555555564,-14.090711805555554
independent,simultaneous,onset_directed,cel8_129,↗ ←,63.538411458333336,-1.4984809027777768
independent,simultaneous,onset_directed,cel8_129_lw,↗ ← + LW,60.896267361111114,-4.140625000000001
independent,simultaneous,onset_directed,cel8_130,↘ ←,61.22721354166667,-3.8096788194444455
independent,simultaneous,onset_directed,cel8_130_lw,↘ ← + LW,61.7578125,-3.279079861111109
independent,simultaneous,onset_directed,cel8_131,↗ ↘ ←,64.29578993055556,-0.7411024305555514
independent,simultaneous,onset_directed,cel8_131_lw,↗ ↘ ← + LW,62.93294270833334,-2.103949652777776
independent,simultaneous,onset_directed,cel8_132,↖ ←,55.08355034722222,-9.953342013888886
independent,simultaneous,onset_directed,cel8_132_lw,↖ ← + LW,54.32617187499999,-10.710720486111105
independent,simultaneous,onset_directed,cel8_133,↗ ↖ ←,64.05164930555556,-0.9852430555555541
independent,simultaneous,onset_directed,cel8_133_lw,↗ ↖ ← + LW,61.73394097222222,-3.302951388888889
independent,simultaneous,onset_directed,cel8_134,↘ ↖ ←,61.353081597222236,-3.683810763888884
independent,simultaneous,onset_directed,cel8_134_lw,↘ ↖ ← + LW,62.486979166666664,-2.549913194444442
independent,simultaneous,onset_directed,cel8_135,↗ ↘ ↖ ←,64.59852430555556,-0.4383680555555519
independent,simultaneous,onset_directed,cel8_135_lw,↗ ↘ ↖ ← + LW,63.63389756944444,-1.40299479166667
independent,simultaneous,onset_directed,cel8_136,↙ ←,54.819878472222214,-10.21701388888889
independent,simultaneous,onset_directed,cel8_136_lw,↙ ← + LW,53.781467013888886,-11.255425347222223
independent,simultaneous,onset_directed,cel8_137,↗ ↙ ←,64.30555555555554,-0.7313368055555575
independent,simultaneous,onset_directed,cel8_137_lw,↗ ↙ ← + LW,61.82725694444444,-3.2096354166666647
independent,simultaneous,onset_directed,cel8_138,↘ ↙ ←,62.77235243055556,-2.2645399305555536
independent,simultaneous,onset_directed,cel8_138_lw,↘ ↙ ← + LW,62.56835937499999,-2.4685329861111107
independent,simultaneous,onset_directed,cel8_139,↗ ↘ ↙ ←,64.88064236111111,-0.15624999999999667
independent,simultaneous,onset_directed,cel8_139_lw,↗ ↘ ↙ ← + LW,63.71419270833334,-1.3226996527777757
independent,simultaneous,onset_directed,cel8_140,↖ ↙ ←,55.99066840277778,-9.04622395833333
independent,simultaneous,onset_directed,cel8_140_lw,↖ ↙ ← + LW,55.354817708333336,-9.682074652777775
independent,simultaneous,onset_directed,cel8_141,↗ ↖ ↙ ←,64.16232638888889,-0.8745659722222188
independent,simultaneous,onset_directed,cel8_141_lw,↗ ↖ ↙ ← + LW,62.052951388888886,-2.983940972222221
independent,simultaneous,onset_directed,cel8_142,↘ ↖ ↙ ←,61.376953125,-3.6599392361111094
independent,simultaneous,onset_directed,cel8_142_lw,↘ ↖ ↙ ← + LW,62.4197048611111,-2.617187500000001
independent,simultaneous,onset_directed,cel8_143,↗ ↘ ↖ ↙ ←,64.79709201388889,-0.23980034722222154
independent,simultaneous,onset_directed,cel8_143_lw,↗ ↘ ↖ ↙ ← + LW,63.996310763888886,-1.0405815972222205
independent,simultaneous,onset_directed,cel8_144,↑ ←,59.463975694444436,-5.572916666666669
independent,simultaneous,onset_directed,cel8_144_lw,↑ ← + LW,56.45073784722223,-8.586154513888882
independent,simultaneous,onset_directed,cel8_145,↗ ↑ ←,65.10633680555556,0.06944444444444975
independent,simultaneous,onset_directed,cel8_145_lw,↗ ↑ ← + LW,62.45008680555555,-2.5868055555555545
independent,simultaneous,onset_directed,cel8_146,↘ ↑ ←,64.16232638888889,-0.8745659722222215
independent,simultaneous,onset_directed,cel8_146_lw,↘ ↑ ← + LW,63.29644097222222,-1.7404513888888862
independent,simultaneous,onset_directed,cel8_147,↗ ↘ ↑ ←,65.5685763888889,0.5316840277777818
independent,simultaneous,onset_directed,cel8_147_lw,↗ ↘ ↑ ← + LW,64.15147569444444,-0.8854166666666635
independent,simultaneous,onset_directed,cel8_148,↖ ↑ ←,58.83572048611111,-6.201171875
independent,simultaneous,onset_directed,cel8_148_lw,↖ ↑ ← + LW,57.43055555555555,-7.606336805555555
independent,simultaneous,onset_directed,cel8_149,↗ ↖ ↑ ←,64.80577256944444,-0.23111979166666186
independent,simultaneous,onset_directed,cel8_149_lw,↗ ↖ ↑ ← + LW,62.83203125,-2.204861111111109
independent,simultaneous,onset_directed,cel8_150,↘ ↖ ↑ ←,63.0859375,-1.9509548611111067
independent,simultaneous,onset_directed,cel8_150_lw,↘ ↖ ↑ ← + LW,63.55468749999999,-1.4822048611111083
independent,simultaneous,onset_directed,cel8_151,↗ ↘ ↖ ↑ ←,65.22894965277779,0.19205729166666963
independent,simultaneous,onset_directed,cel8_151_lw,↗ ↘ ↖ ↑ ← + LW,64.32183159722223,-0.7150607638888862
independent,simultaneous,onset_directed,cel8_152,↙ ↑ ←,60.929904513888886,-4.106987847222221
independent,simultaneous,onset_directed,cel8_152_lw,↙ ↑ ← + LW,57.08333333333334,-7.953559027777771
independent,simultaneous,onset_directed,cel8_153,↗ ↙ ↑ ←,65.38736979166666,0.3504774305555569
independent,simultaneous,onset_directed,cel8_153_lw,↗ ↙ ↑ ← + LW,62.83637152777778,-2.200520833333333
independent,simultaneous,onset_directed,cel8_154,↘ ↙ ↑ ←,64.55295138888889,-0.4839409722222243
independent,simultaneous,onset_directed,cel8_154_lw,↘ ↙ ↑ ← + LW,63.43749999999999,-1.5993923611111098
independent,simultaneous,onset_directed,cel8_155,↗ ↘ ↙ ↑ ←,65.98741319444446,0.9505208333333348
independent,simultaneous,onset_directed,cel8_155_lw,↗ ↘ ↙ ↑ ← + LW,64.32400173611111,-0.7128906249999956
independent,simultaneous,onset_directed,cel8_156,↖ ↙ ↑ ←,59.318576388888886,-5.718315972222218
independent,simultaneous,onset_directed,cel8_156_lw,↖ ↙ ↑ ← + LW,57.38715277777777,-7.649739583333331
independent,simultaneous,onset_directed,cel8_157,↗ ↖ ↙ ↑ ←,64.9685329861111,-0.06835937500000167
independent,simultaneous,onset_directed,cel8_157_lw,↗ ↖ ↙ ↑ ← + LW,62.70073784722222,-2.3361545138888857
independent,simultaneous,onset_directed,cel8_158,↘ ↖ ↙ ↑ ←,63.037109375,-1.9997829861111067
independent,simultaneous,onset_directed,cel8_158_lw,↘ ↖ ↙ ↑ ← + LW,63.26280381944444,-1.774088541666663
independent,simultaneous,onset_directed,cel8_159,↗ ↘ ↖ ↙ ↑ ←,65.46875000000001,0.43185763888889395
independent,simultaneous,onset_directed,cel8_159_lw,↗ ↘ ↖ ↙ ↑ ← + LW,64.4845920138889,-0.5523003472222232
independent,simultaneous,onset_directed,cel8_160,↓ ←,55.33094618055555,-9.705946180555555
independent,simultaneous,onset_directed,cel8_160_lw,↓ ← + LW,56.04817708333334,-8.98871527777777
independent,simultaneous,onset_directed,cel8_161,↗ ↓ ←,64.48567708333334,-0.5512152777777751
independent,simultaneous,onset_directed,cel8_161_lw,↗ ↓ ← + LW,62.36870659722222,-2.668185763888889
independent,simultaneous,onset_directed,cel8_162,↘ ↓ ←,62.70073784722222,-2.3361545138888857
independent,simultaneous,onset_directed,cel8_162_lw,↘ ↓ ← + LW,63.12065972222223,-1.9162326388888844
independent,simultaneous,onset_directed,cel8_163,↗ ↘ ↓ ←,65.04231770833333,0.005425347222220989
independent,simultaneous,onset_directed,cel8_163_lw,↗ ↘ ↓ ← + LW,63.99197048611111,-1.0449218750000018
independent,simultaneous,onset_directed,cel8_164,↖ ↓ ←,56.88910590277778,-8.14778645833333
independent,simultaneous,onset_directed,cel8_164_lw,↖ ↓ ← + LW,57.447916666666664,-7.588975694444441
independent,simultaneous,onset_directed,cel8_165,↗ ↖ ↓ ←,64.40646701388889,-0.6304253472222215
independent,simultaneous,onset_directed,cel8_165_lw,↗ ↖ ↓ ← + LW,62.916666666666664,-2.1202256944444415
independent,simultaneous,onset_directed,cel8_166,↘ ↖ ↓ ←,61.9607204861111,-3.0761718750000027
independent,simultaneous,onset_directed,cel8_166_lw,↘ ↖ ↓ ← + LW,63.43207465277777,-1.6048177083333366
independent,simultaneous,onset_directed,cel8_167,↗ ↘ ↖ ↓ ←,64.99348958333334,-0.043402777777776236
independent,simultaneous,onset_directed,cel8_167_lw,↗ ↘ ↖ ↓ ← + LW,64.24479166666667,-0.792100694444442
independent,simultaneous,onset_directed,cel8_168,↙ ↓ ←,57.951388888888886,-7.085503472222221
independent,simultaneous,onset_directed,cel8_168_lw,↙ ↓ ← + LW,56.93901909722222,-8.097873263888891
independent,simultaneous,onset_directed,cel8_169,↗ ↙ ↓ ←,64.91319444444446,-0.12369791666666519
independent,simultaneous,onset_directed,cel8_169_lw,↗ ↙ ↓ ← + LW,62.815755208333336,-2.2211371527777772
independent,simultaneous,onset_directed,cel8_170,↘ ↙ ↓ ←,63.47330729166667,-1.5635850694444424
independent,simultaneous,onset_directed,cel8_170_lw,↘ ↙ ↓ ← + LW,63.21289062500001,-1.8240017361111083
independent,simultaneous,onset_directed,cel8_171,↗ ↘ ↙ ↓ ←,65.43185763888889,0.3949652777777757
independent,simultaneous,onset_directed,cel8_171_lw,↗ ↘ ↙ ↓ ← + LW,64.34244791666669,-0.694444444444442
independent,simultaneous,onset_directed,cel8_172,↖ ↙ ↓ ←,57.38498263888889,-7.651909722222222
independent,simultaneous,onset_directed,cel8_172_lw,↖ ↙ ↓ ← + LW,57.50651041666668,-7.530381944444439
independent,simultaneous,onset_directed,cel8_173,↗ ↖ ↙ ↓ ←,64.49110243055554,-0.5457899305555541
independent,simultaneous,onset_directed,cel8_173_lw,↗ ↖ ↙ ↓ ← + LW,62.79730902777778,-2.239583333333331
independent,simultaneous,onset_directed,cel8_174,↘ ↖ ↙ ↓ ←,62.00846354166666,-3.0284288194444455
independent,simultaneous,onset_directed,cel8_174_lw,↘ ↖ ↙ ↓ ← + LW,63.05338541666667,-1.9835069444444409
independent,simultaneous,onset_directed,cel8_175,↗ ↘ ↖ ↙ ↓ ←,65.10091145833333,0.06401909722222598
independent,simultaneous,onset_directed,cel8_175_lw,↗ ↘ ↖ ↙ ↓ ← + LW,64.39453125000001,-0.642361111111106
independent,simultaneous,onset_directed,cel8_176,↑ ↓ ←,60.59787326388888,-4.439019097222219
independent,simultaneous,onset_directed,cel8_176_lw,↑ ↓ ← + LW,58.63389756944445,-6.402994791666666
independent,simultaneous,onset_directed,cel8_177,↗ ↑ ↓ ←,65.56315104166666,0.5262586805555525
independent,simultaneous,onset_directed,cel8_177_lw,↗ ↑ ↓ ← + LW,63.262803819444436,-1.7740885416666714
independent,simultaneous,onset_directed,cel8_178,↘ ↑ ↓ ←,64.521484375,-0.5154079861111105
independent,simultaneous,onset_directed,cel8_178_lw,↘ ↑ ↓ ← + LW,63.97135416666667,-1.065538194444443
independent,simultaneous,onset_directed,cel8_179,↗ ↘ ↑ ↓ ←,65.91796875,0.8810763888888906
independent,simultaneous,onset_directed,cel8_179_lw,↗ ↘ ↑ ↓ ← + LW,64.57682291666667,-0.4600694444444442
independent,simultaneous,onset_directed,cel8_180,↖ ↑ ↓ ←,59.814453125,-5.222439236111106
independent,simultaneous,onset_directed,cel8_180_lw,↖ ↑ ↓ ← + LW,59.072265625,-5.964626736111109
independent,simultaneous,onset_directed,cel8_181,↗ ↖ ↑ ↓ ←,65.04340277777779,0.006510416666669072
independent,simultaneous,onset_directed,cel8_181_lw,↗ ↖ ↑ ↓ ← + LW,63.52213541666667,-1.5147569444444424
independent,simultaneous,onset_directed,cel8_182,↘ ↖ ↑ ↓ ←,63.42556423611111,-1.611328125
independent,simultaneous,onset_directed,cel8_182_lw,↘ ↖ ↑ ↓ ← + LW,63.987630208333336,-1.0492621527777772
independent,simultaneous,onset_directed,cel8_183,↗ ↘ ↖ ↑ ↓ ←,65.48502604166667,0.4481336805555569
independent,simultaneous,onset_directed,cel8_183_lw,↗ ↘ ↖ ↑ ↓ ← + LW,64.8708767361111,-0.16601562499999611
independent,simultaneous,onset_directed,cel8_184,↙ ↑ ↓ ←,61.904296875,-3.1325954861111116
independent,simultaneous,onset_directed,cel8_184_lw,↙ ↑ ↓ ← + LW,59.05815972222223,-5.978732638888889
independent,simultaneous,onset_directed,cel8_185,↗ ↙ ↑ ↓ ←,65.78559027777777,0.7486979166666657
independent,simultaneous,onset_directed,cel8_185_lw,↗ ↙ ↑ ↓ ← + LW,63.38107638888889,-1.6558159722222188
independent,simultaneous,onset_directed,cel8_186,↘ ↙ ↑ ↓ ←,64.775390625,-0.2615017361111055
independent,simultaneous,onset_directed,cel8_186_lw,↘ ↙ ↑ ↓ ← + LW,63.874782986111114,-1.1621093749999978
independent,simultaneous,onset_directed,cel8_187,↗ ↘ ↙ ↑ ↓ ←,66.11979166666666,1.082899305555557
independent,simultaneous,onset_directed,cel8_187_lw,↗ ↘ ↙ ↑ ↓ ← + LW,64.74066840277779,-0.2962239583333304
independent,simultaneous,onset_directed,cel8_188,↖ ↙ ↑ ↓ ←,60.11935763888889,-4.917534722222216
independent,simultaneous,onset_directed,cel8_188_lw,↖ ↙ ↑ ↓ ← + LW,59.07877604166667,-5.958116319444439
independent,simultaneous,onset_directed,cel8_189,↗ ↖ ↙ ↑ ↓ ←,65.06401909722221,0.02712673611111327
independent,simultaneous,onset_directed,cel8_189_lw,↗ ↖ ↙ ↑ ↓ ← + LW,63.28016493055555,-1.7567274305555576
independent,simultaneous,onset_directed,cel8_190,↘ ↖ ↙ ↑ ↓ ←,63.259548611111114,-1.777343749999996
independent,simultaneous,onset_directed,cel8_190_lw,↘ ↖ ↙ ↑ ↓ ← + LW,63.70659722222223,-1.3302951388888902
independent,simultaneous,onset_directed,cel8_191,↗ ↘ ↖ ↙ ↑ ↓ ←,65.67708333333333,0.6401909722222238
independent,simultaneous,onset_directed,cel8_191_lw,↗ ↘ ↖ ↙ ↑ ↓ ← + LW,64.70377604166666,-0.33311631944444864
independent,simultaneous,onset_directed,cel8_192,→ ←,53.56119791666667,-11.47569444444444
independent,simultaneous,onset_directed,cel8_192_lw,→ ← + LW,53.57530381944444,-11.46158854166667
independent,simultaneous,onset_directed,cel8_193,↗ → ←,62.476128472222214,-2.5607638888888893
independent,simultaneous,onset_directed,cel8_193_lw,↗ → ← + LW,59.90993923611112,-5.126953125
independent,simultaneous,onset_directed,cel8_194,↘ → ←,59.67990451388889,-5.35698784722222
independent,simultaneous,onset_directed,cel8_194_lw,↘ → ← + LW,60.12695312500001,-4.909939236111108
independent,simultaneous,onset_directed,cel8_195,↗ ↘ → ←,63.42339409722222,-1.613498263888888
independent,simultaneous,onset_directed,cel8_195_lw,↗ ↘ → ← + LW,62.01714409722222,-3.0197482638888857
independent,simultaneous,onset_directed,cel8_196,↖ → ←,55.455729166666664,-9.581163194444443
independent,simultaneous,onset_directed,cel8_196_lw,↖ → ← + LW,55.09223090277777,-9.944661458333332
independent,simultaneous,onset_directed,cel8_197,↗ ↖ → ←,63.13042534722222,-1.906467013888888
independent,simultaneous,onset_directed,cel8_197_lw,↗ ↖ → ← + LW,60.51649305555556,-4.520399305555553
independent,simultaneous,onset_directed,cel8_198,↘ ↖ → ←,60.226779513888886,-4.81011284722222
independent,simultaneous,onset_directed,cel8_198_lw,↘ ↖ → ← + LW,61.06336805555554,-3.9735243055555536
independent,simultaneous,onset_directed,cel8_199,↗ ↘ ↖ → ←,63.79991319444444,-1.2369791666666656
independent,simultaneous,onset_directed,cel8_199_lw,↗ ↘ ↖ → ← + LW,62.565104166666664,-2.4717881944444438
independent,simultaneous,onset_directed,cel8_200,↙ → ←,55.73350694444444,-9.303385416666664
independent,simultaneous,onset_directed,cel8_200_lw,↙ → ← + LW,54.96093749999999,-10.07595486111111
independent,simultaneous,onset_directed,cel8_201,↗ ↙ → ←,63.18467881944445,-1.8522135416666612
independent,simultaneous,onset_directed,cel8_201_lw,↗ ↙ → ← + LW,60.93641493055555,-4.100477430555557
independent,simultaneous,onset_directed,cel8_202,↘ ↙ → ←,60.87348090277778,-4.163411458333327
independent,simultaneous,onset_directed,cel8_202_lw,↘ ↙ → ← + LW,61.11002604166668,-3.9268663194444415
independent,simultaneous,onset_directed,cel8_203,↗ ↘ ↙ → ←,63.86284722222222,-1.174045138888885
independent,simultaneous,onset_directed,cel8_203_lw,↗ ↘ ↙ → ← + LW,62.65299479166667,-2.3838975694444375
independent,simultaneous,onset_directed,cel8_204,↖ ↙ → ←,55.99175347222223,-9.045138888888884
independent,simultaneous,onset_directed,cel8_204_lw,↖ ↙ → ← + LW,55.725911458333336,-9.310980902777773
independent,simultaneous,onset_directed,cel8_205,↗ ↖ ↙ → ←,63.33116319444445,-1.705729166666664
independent,simultaneous,onset_directed,cel8_205_lw,↗ ↖ ↙ → ← + LW,60.901692708333336,-4.135199652777774
independent,simultaneous,onset_directed,cel8_206,↘ ↖ ↙ → ←,60.5642361111111,-4.472656249999998
independent,simultaneous,onset_directed,cel8_206_lw,↘ ↖ ↙ → ← + LW,61.17838541666667,-3.8585069444444455
independent,simultaneous,onset_directed,cel8_207,↗ ↘ ↖ ↙ → ←,64.09830729166666,-0.9385850694444448
independent,simultaneous,onset_directed,cel8_207_lw,↗ ↘ ↖ ↙ → ← + LW,62.744140625,-2.2927517361111094
independent,simultaneous,onset_directed,cel8_208,↑ → ←,58.50043402777778,-6.536458333333334
independent,simultaneous,onset_directed,cel8_208_lw,↑ → ← + LW,56.44205729166666,-8.594835069444445
independent,simultaneous,onset_directed,cel8_209,↗ ↑ → ←,63.96592881944445,-1.070963541666667
independent,simultaneous,onset_directed,cel8_209_lw,↗ ↑ → ← + LW,61.21527777777778,-3.8216145833333326
independent,simultaneous,onset_directed,cel8_210,↘ ↑ → ←,62.43272569444444,-2.6041666666666656
independent,simultaneous,onset_directed,cel8_210_lw,↘ ↑ → ← + LW,61.510416666666664,-3.526475694444442
independent,simultaneous,onset_directed,cel8_211,↗ ↘ ↑ → ←,64.73198784722223,-0.3049045138888845
independent,simultaneous,onset_directed,cel8_211_lw,↗ ↘ ↑ → ← + LW,62.956814236111114,-2.0800781249999982
independent,simultaneous,onset_directed,cel8_212,↖ ↑ → ←,58.080512152777786,-6.956380208333335
independent,simultaneous,onset_directed,cel8_212_lw,↖ ↑ → ← + LW,56.63519965277777,-8.40169270833333
independent,simultaneous,onset_directed,cel8_213,↗ ↖ ↑ → ←,63.94639756944444,-1.0904947916666656
independent,simultaneous,onset_directed,cel8_213_lw,↗ ↖ ↑ → ← + LW,61.44965277777777,-3.587239583333332
independent,simultaneous,onset_directed,cel8_214,↘ ↖ ↑ → ←,61.86414930555555,-3.1727430555555545
independent,simultaneous,onset_directed,cel8_214_lw,↘ ↖ ↑ → ← + LW,61.783854166666664,-3.2530381944444438
independent,simultaneous,onset_directed,cel8_215,↗ ↘ ↖ ↑ → ←,64.57790798611111,-0.4589843749999961
independent,simultaneous,onset_directed,cel8_215_lw,↗ ↘ ↖ ↑ → ← + LW,63.15104166666667,-1.8858506944444409
independent,simultaneous,onset_directed,cel8_216,↙ ↑ → ←,59.82530381944444,-5.211588541666664
independent,simultaneous,onset_directed,cel8_216_lw,↙ ↑ → ← + LW,57.02039930555556,-8.016493055555554
independent,simultaneous,onset_directed,cel8_217,↗ ↙ ↑ → ←,64.45855034722221,-0.5783420138888856
independent,simultaneous,onset_directed,cel8_217_lw,↗ ↙ ↑ → ← + LW,61.71223958333334,-3.324652777777776
independent,simultaneous,onset_directed,cel8_218,↘ ↙ ↑ → ←,62.779947916666664,-2.256944444444442
independent,simultaneous,onset_directed,cel8_218_lw,↘ ↙ ↑ → ← + LW,61.80772569444445,-3.2291666666666634
independent,simultaneous,onset_directed,cel8_219,↗ ↘ ↙ ↑ → ←,64.98589409722223,-0.050998263888885065
independent,simultaneous,onset_directed,cel8_219_lw,↗ ↘ ↙ ↑ → ← + LW,63.04904513888889,-1.9878472222222192
independent,simultaneous,onset_directed,cel8_220,↖ ↙ ↑ → ←,58.59700520833333,-6.439887152777779
independent,simultaneous,onset_directed,cel8_220_lw,↖ ↙ ↑ → ← + LW,57.302517361111114,-7.734374999999993
independent,simultaneous,onset_directed,cel8_221,↗ ↖ ↙ ↑ → ←,64.14930555555554,-0.8875868055555569
independent,simultaneous,onset_directed,cel8_221_lw,↗ ↖ ↙ ↑ → ← + LW,61.687282986111114,-3.349609375000001
independent,simultaneous,onset_directed,cel8_222,↘ ↖ ↙ ↑ → ←,61.96072048611111,-3.076171875
independent,simultaneous,onset_directed,cel8_222_lw,↘ ↖ ↙ ↑ → ← + LW,61.856553819444436,-3.1803385416666634
independent,simultaneous,onset_directed,cel8_223,↗ ↘ ↖ ↙ ↑ → ←,64.85460069444444,-0.18229166666666463
independent,simultaneous,onset_directed,cel8_223_lw,↗ ↘ ↖ ↙ ↑ → ← + LW,63.19227430555555,-1.8446180555555554
independent,simultaneous,onset_directed,cel8_224,↓ → ←,55.869140625,-9.16775173611111
independent,simultaneous,onset_directed,cel8_224_lw,↓ → ← + LW,56.17621527777777,-8.860677083333332
independent,simultaneous,onset_directed,cel8_225,↗ ↓ → ←,63.503689236111114,-1.533203124999996
independent,simultaneous,onset_directed,cel8_225_lw,↗ ↓ → ← + LW,61.145833333333336,-3.891059027777777
independent,simultaneous,onset_directed,cel8_226,↘ ↓ → ←,60.71397569444446,-4.3229166666666625
independent,simultaneous,onset_directed,cel8_226_lw,↘ ↓ → ← + LW,61.402994791666664,-3.633897569444444
independent,simultaneous,onset_directed,cel8_227,↗ ↘ ↓ → ←,64.15581597222221,-0.8810763888888906
independent,simultaneous,onset_directed,cel8_227_lw,↗ ↘ ↓ → ← + LW,62.77343749999999,-2.263454861111111
independent,simultaneous,onset_directed,cel8_228,↖ ↓ → ←,56.745876736111114,-8.291015624999995
independent,simultaneous,onset_directed,cel8_228_lw,↖ ↓ → ← + LW,56.68294270833333,-8.353949652777775
independent,simultaneous,onset_directed,cel8_229,↗ ↖ ↓ → ←,63.53732638888889,-1.499565972222222
independent,simultaneous,onset_directed,cel8_229_lw,↗ ↖ ↓ → ← + LW,61.29123263888889,-3.745659722222219
independent,simultaneous,onset_directed,cel8_230,↘ ↖ ↓ → ←,60.67491319444444,-4.361979166666666
independent,simultaneous,onset_directed,cel8_230_lw,↘ ↖ ↓ → ← + LW,61.65147569444444,-3.385416666666663
independent,simultaneous,onset_directed,cel8_231,↗ ↘ ↖ ↓ → ←,64.19487847222223,-0.8420138888888873
independent,simultaneous,onset_directed,cel8_231_lw,↗ ↘ ↖ ↓ → ← + LW,63.21397569444444,-1.8229166666666603
independent,simultaneous,onset_directed,cel8_232,↙ ↓ → ←,57.66276041666667,-7.374131944444439
independent,simultaneous,onset_directed,cel8_232_lw,↙ ↓ → ← + LW,56.73828125,-8.298611111111109
independent,simultaneous,onset_directed,cel8_233,↗ ↙ ↓ → ←,63.83246527777777,-1.2044270833333286
independent,simultaneous,onset_directed,cel8_233_lw,↗ ↙ ↓ → ← + LW,61.62977430555555,-3.4071180555555496
independent,simultaneous,onset_directed,cel8_234,↘ ↙ ↓ → ←,61.447482638888886,-3.5894097222222228
independent,simultaneous,onset_directed,cel8_234_lw,↘ ↙ ↓ → ← + LW,61.875,-3.161892361111107
independent,simultaneous,onset_directed,cel8_235,↗ ↘ ↙ ↓ → ←,64.44118923611111,-0.5957031249999967
independent,simultaneous,onset_directed,cel8_235_lw,↗ ↘ ↙ ↓ → ← + LW,63.14670138888889,-1.8901909722222192
independent,simultaneous,onset_directed,cel8_236,↖ ↙ ↓ → ←,57.07573784722222,-7.961154513888891
independent,simultaneous,onset_directed,cel8_236_lw,↖ ↙ ↓ → ← + LW,57.20811631944444,-7.8287760416666625
independent,simultaneous,onset_directed,cel8_237,↗ ↖ ↙ ↓ → ←,63.71636284722222,-1.320529513888888
independent,simultaneous,onset_directed,cel8_237_lw,↗ ↖ ↙ ↓ → ← + LW,61.60915798611112,-3.427734374999994
independent,simultaneous,onset_directed,cel8_238,↘ ↖ ↙ ↓ → ←,60.968967013888886,-4.0679253472222205
independent,simultaneous,onset_directed,cel8_238_lw,↘ ↖ ↙ ↓ → ← + LW,61.84678819444444,-3.190104166666663
independent,simultaneous,onset_directed,cel8_239,↗ ↘ ↖ ↙ ↓ → ←,64.43250868055554,-0.6043836805555536
independent,simultaneous,onset_directed,cel8_239_lw,↗ ↘ ↖ ↙ ↓ → ← + LW,63.22157118055556,-1.8153211805555514
independent,simultaneous,onset_directed,cel8_240,↑ ↓ → ←,59.39453125000001,-5.642361111111113
independent,simultaneous,onset_directed,cel8_240_lw,↑ ↓ → ← + LW,57.732204861111114,-7.304687499999998
independent,simultaneous,onset_directed,cel8_241,↗ ↑ ↓ → ←,64.44552951388889,-0.5913628472222182
independent,simultaneous,onset_directed,cel8_241_lw,↗ ↑ ↓ → ← + LW,61.91840277777778,-3.118489583333331
independent,simultaneous,onset_directed,cel8_242,↘ ↑ ↓ → ←,62.82552083333333,-2.211371527777775
independent,simultaneous,onset_directed,cel8_242_lw,↘ ↑ ↓ → ← + LW,62.18858506944444,-2.848307291666663
independent,simultaneous,onset_directed,cel8_243,↗ ↘ ↑ ↓ → ←,65.17903645833333,0.14214409722222154
independent,simultaneous,onset_directed,cel8_243_lw,↗ ↘ ↑ ↓ → ← + LW,63.508029513888886,-1.5288628472222205
independent,simultaneous,onset_directed,cel8_244,↖ ↑ ↓ → ←,58.81944444444444,-6.2174479166666625
independent,simultaneous,onset_directed,cel8_244_lw,↖ ↑ ↓ → ← + LW,58.034939236111114,-7.001953124999993
independent,simultaneous,onset_directed,cel8_245,↗ ↖ ↑ ↓ → ←,64.31423611111111,-0.7226562500000006
independent,simultaneous,onset_directed,cel8_245_lw,↗ ↖ ↑ ↓ → ← + LW,62.03993055555554,-2.9969618055555562
independent,simultaneous,onset_directed,cel8_246,↘ ↖ ↑ ↓ → ←,62.28624131944444,-2.7506510416666656
independent,simultaneous,onset_directed,cel8_246_lw,↘ ↖ ↑ ↓ → ← + LW,62.40125868055556,-2.635633680555552
independent,simultaneous,onset_directed,cel8_247,↗ ↘ ↖ ↑ ↓ → ←,64.74283854166667,-0.29405381944444253
independent,simultaneous,onset_directed,cel8_247_lw,↗ ↘ ↖ ↑ ↓ → ← + LW,63.74457465277777,-1.2923177083333348
independent,simultaneous,onset_directed,cel8_248,↙ ↑ ↓ → ←,60.555555555555564,-4.48133680555555
independent,simultaneous,onset_directed,cel8_248_lw,↙ ↑ ↓ → ← + LW,58.29752604166667,-6.739366319444443
independent,simultaneous,onset_directed,cel8_249,↗ ↙ ↑ ↓ → ←,64.72113715277779,-0.3157552083333348
independent,simultaneous,onset_directed,cel8_249_lw,↗ ↙ ↑ ↓ → ← + LW,62.25911458333334,-2.7777777777777732
independent,simultaneous,onset_directed,cel8_250,↘ ↙ ↑ ↓ → ←,63.343098958333336,-1.6937934027777712
independent,simultaneous,onset_directed,cel8_250_lw,↘ ↙ ↑ ↓ → ← + LW,62.44140625,-2.5954861111111143
independent,simultaneous,onset_directed,cel8_251,↗ ↘ ↙ ↑ ↓ → ←,65.2853732638889,0.24848090277777846
independent,simultaneous,onset_directed,cel8_251_lw,↗ ↘ ↙ ↑ ↓ → ← + LW,63.560112847222214,-1.4767795138888873
independent,simultaneous,onset_directed,cel8_252,↖ ↙ ↑ ↓ → ←,59.0234375,-6.013454861111109
independent,simultaneous,onset_directed,cel8_252_lw,↖ ↙ ↑ ↓ → ← + LW,58.463541666666664,-6.573350694444441
independent,simultaneous,onset_directed,cel8_253,↗ ↖ ↙ ↑ ↓ → ←,64.41406249999999,-0.6228298611111127
independent,simultaneous,onset_directed,cel8_253_lw,↗ ↖ ↙ ↑ ↓ → ← + LW,62.19184027777778,-2.8450520833333326
independent,simultaneous,onset_directed,cel8_254,↘ ↖ ↙ ↑ ↓ → ←,62.3220486111111,-2.714843750000001
independent,simultaneous,onset_directed,cel8_254_lw,↘ ↖ ↙ ↑ ↓ → ← + LW,62.40342881944444,-2.633463541666661
independent,simultaneous,onset_directed,cel8_255,↗ ↘ ↖ ↙ ↑ ↓ → ←,65.05533854166666,0.018446180555559133
independent,simultaneous,onset_directed,cel8_255_lw,↗ ↘ ↖ ↙ ↑ ↓ → ← + LW,63.64583333333332,-1.3910590277777772
independent,simultaneous,joint_directed,cel8_001,↗,70.42209201388889,-1.329210069444442
independent,simultaneous,joint_directed,cel8_001_lw,↗ + LW,69.96636284722223,-1.784939236111105
independent,simultaneous,joint_directed,cel8_002,↘,70.48177083333333,-1.26953125
independent,simultaneous,joint_directed,cel8_002_lw,↘ + LW,70.439453125,-1.3118489583333366
independent,simultaneous,joint_directed,cel8_003,↗ ↘,70.74652777777777,-1.0047743055555585
independent,simultaneous,joint_directed,cel8_003_lw,↗ ↘ + LW,70.90928819444444,-0.8420138888888901
independent,simultaneous,joint_directed,cel8_004,↖,65.61414930555554,-6.1371527777777795
independent,simultaneous,joint_directed,cel8_004_lw,↖ + LW,66.36067708333333,-5.390624999999999
independent,simultaneous,joint_directed,cel8_005,↗ ↖,71.3161892361111,-0.43511284722222154
independent,simultaneous,joint_directed,cel8_005_lw,↗ ↖ + LW,71.33680555555554,-0.41449652777777457
independent,simultaneous,joint_directed,cel8_006,↘ ↖,70.0857204861111,-1.665581597222221
independent,simultaneous,joint_directed,cel8_006_lw,↘ ↖ + LW,71.57986111111111,-0.1714409722222171
independent,simultaneous,joint_directed,cel8_007,↗ ↘ ↖,71.73502604166667,-0.01627604166666574
independent,simultaneous,joint_directed,cel8_007_lw,↗ ↘ ↖ + LW,72.16796875000001,0.4166666666666735
independent,simultaneous,joint_directed,cel8_008,↙,66.12630208333333,-5.625000000000002
independent,simultaneous,joint_directed,cel8_008_lw,↙ + LW,64.92404513888887,-6.8272569444444455
independent,simultaneous,joint_directed,cel8_009,↗ ↙,71.50390625,-0.24739583333333315
independent,simultaneous,joint_directed,cel8_009_lw,↗ ↙ + LW,70.71072048611111,-1.0405815972222177
independent,simultaneous,joint_directed,cel8_010,↘ ↙,71.37478298611111,-0.37651909722221377
independent,simultaneous,joint_directed,cel8_010_lw,↘ ↙ + LW,70.96245659722223,-0.7888454861111088
independent,simultaneous,joint_directed,cel8_011,↗ ↘ ↙,71.84678819444446,0.09548611111111216
independent,simultaneous,joint_directed,cel8_011_lw,↗ ↘ ↙ + LW,71.93250868055556,0.18120659722221932
independent,simultaneous,joint_directed,cel8_012,↖ ↙,66.11545138888889,-5.635850694444441
independent,simultaneous,joint_directed,cel8_012_lw,↖ ↙ + LW,66.33029513888889,-5.4210069444444455
independent,simultaneous,joint_directed,cel8_013,↗ ↖ ↙,71.18923611111111,-0.5620659722222199
independent,simultaneous,joint_directed,cel8_013_lw,↗ ↖ ↙ + LW,70.74978298611111,-1.001519097222217
independent,simultaneous,joint_directed,cel8_014,↘ ↖ ↙,69.96202256944444,-1.7892795138888806
independent,simultaneous,joint_directed,cel8_014_lw,↘ ↖ ↙ + LW,71.07096354166667,-0.6803385416666696
independent,simultaneous,joint_directed,cel8_015,↗ ↘ ↖ ↙,71.75130208333333,0.0
independent,simultaneous,joint_directed,cel8_015_lw,↗ ↘ ↖ ↙ + LW,71.90104166666667,0.14973958333333592
independent,simultaneous,joint_directed,cel8_016,↑,67.25368923611111,-4.497612847222221
independent,simultaneous,joint_directed,cel8_016_lw,↑ + LW,66.67643229166667,-5.074869791666667
independent,simultaneous,joint_directed,cel8_017,↗ ↑,72.11480034722221,0.3634982638888895
independent,simultaneous,joint_directed,cel8_017_lw,↗ ↑ + LW,71.63411458333333,-0.11718749999999889
independent,simultaneous,joint_directed,cel8_018,↘ ↑,71.95203993055557,0.20073784722222376
independent,simultaneous,joint_directed,cel8_018_lw,↘ ↑ + LW,72.0041232638889,0.2528211805555569
independent,simultaneous,joint_directed,cel8_019,↗ ↘ ↑,72.18424479166666,0.43294270833333093
independent,simultaneous,joint_directed,cel8_019_lw,↗ ↘ ↑ + LW,72.23849826388889,0.4871961805555547
independent,simultaneous,joint_directed,cel8_020,↖ ↑,68.25086805555556,-3.5004340277777795
independent,simultaneous,joint_directed,cel8_020_lw,↖ ↑ + LW,68.95616319444446,-2.7951388888888844
independent,simultaneous,joint_directed,cel8_021,↗ ↖ ↑,71.69162326388889,-0.05967881944444198
independent,simultaneous,joint_directed,cel8_021_lw,↗ ↖ ↑ + LW,71.57118055555554,-0.18012152777777957
independent,simultaneous,joint_directed,cel8_022,↘ ↖ ↑,71.02647569444444,-0.7248263888888884
independent,simultaneous,joint_directed,cel8_022_lw,↘ ↖ ↑ + LW,72.19075520833333,0.439453125
independent,simultaneous,joint_directed,cel8_023,↗ ↘ ↖ ↑,72.00303819444444,0.2517361111111144
independent,simultaneous,joint_directed,cel8_023_lw,↗ ↘ ↖ ↑ + LW,72.32096354166667,0.5696614583333343
independent,simultaneous,joint_directed,cel8_024,↙ ↑,70.22135416666667,-1.5299479166666656
independent,simultaneous,joint_directed,cel8_024_lw,↙ ↑ + LW,68.02951388888889,-3.7217881944444473
independent,simultaneous,joint_directed,cel8_025,↗ ↙ ↑,72.09092881944444,0.3396267361111094
independent,simultaneous,joint_directed,cel8_025_lw,↗ ↙ ↑ + LW,71.24131944444446,-0.5099826388888867
independent,simultaneous,joint_directed,cel8_026,↘ ↙ ↑,72.09092881944444,0.3396267361111094
independent,simultaneous,joint_directed,cel8_026_lw,↘ ↙ ↑ + LW,71.63411458333333,-0.11718750000000167
independent,simultaneous,joint_directed,cel8_027,↗ ↘ ↙ ↑,72.43381076388889,0.6825086805555602
independent,simultaneous,joint_directed,cel8_027_lw,↗ ↘ ↙ ↑ + LW,72.119140625,0.36783854166666796
independent,simultaneous,joint_directed,cel8_028,↖ ↙ ↑,68.39084201388889,-3.360460069444446
independent,simultaneous,joint_directed,cel8_028_lw,↖ ↙ ↑ + LW,67.81575520833333,-3.9355468749999982
independent,simultaneous,joint_directed,cel8_029,↗ ↖ ↙ ↑,71.53537326388889,-0.21592881944444697
independent,simultaneous,joint_directed,cel8_029_lw,↗ ↖ ↙ ↑ + LW,71.00043402777779,-0.7508680555555508
independent,simultaneous,joint_directed,cel8_030,↘ ↖ ↙ ↑,71.01345486111111,-0.737847222222221
independent,simultaneous,joint_directed,cel8_030_lw,↘ ↖ ↙ ↑ + LW,71.48763020833333,-0.2636718749999961
independent,simultaneous,joint_directed,cel8_031,↗ ↘ ↖ ↙ ↑,72.11154513888889,0.36024305555555913
independent,simultaneous,joint_directed,cel8_031_lw,↗ ↘ ↖ ↙ ↑ + LW,72.06163194444446,0.3103298611111138
independent,simultaneous,joint_directed,cel8_032,↓,63.658854166666664,-8.092447916666664
independent,simultaneous,joint_directed,cel8_032_lw,↓ + LW,66.12738715277777,-5.623914930555557
independent,simultaneous,joint_directed,cel8_033,↗ ↓,71.23480902777777,-0.5164930555555558
independent,simultaneous,joint_directed,cel8_033_lw,↗ ↓ + LW,71.81640624999999,0.06510416666666574
independent,simultaneous,joint_directed,cel8_034,↘ ↓,71.65147569444444,-0.09982638888888784
independent,simultaneous,joint_directed,cel8_034_lw,↘ ↓ + LW,72.12239583333333,0.37109374999999833
independent,simultaneous,joint_directed,cel8_035,↗ ↘ ↓,71.57443576388889,-0.17686631944444364
independent,simultaneous,joint_directed,cel8_035_lw,↗ ↘ ↓ + LW,72.02582465277779,0.27452256944444364
independent,simultaneous,joint_directed,cel8_036,↖ ↓,66.63628472222221,-5.1150173611111125
independent,simultaneous,joint_directed,cel8_036_lw,↖ ↓ + LW,68.86176215277779,-2.889539930555554
independent,simultaneous,joint_directed,cel8_037,↗ ↖ ↓,71.57335069444444,-0.17795138888888895
independent,simultaneous,joint_directed,cel8_037_lw,↗ ↖ ↓ + LW,71.62977430555556,-0.12152777777777735
independent,simultaneous,joint_directed,cel8_038,↘ ↖ ↓,70.43077256944444,-1.320529513888885
independent,simultaneous,joint_directed,cel8_038_lw,↘ ↖ ↓ + LW,72.01822916666667,0.26692708333334036
independent,simultaneous,joint_directed,cel8_039,↗ ↘ ↖ ↓,71.88910590277777,0.13780381944444586
independent,simultaneous,joint_directed,cel8_039_lw,↗ ↘ ↖ ↓ + LW,72.43598090277777,0.6846788194444425
independent,simultaneous,joint_directed,cel8_040,↙ ↓,68.38324652777779,-3.3680555555555545
independent,simultaneous,joint_directed,cel8_040_lw,↙ ↓ + LW,68.08810763888889,-3.6631944444444424
independent,simultaneous,joint_directed,cel8_041,↗ ↙ ↓,71.7578125,0.006510416666666297
independent,simultaneous,joint_directed,cel8_041_lw,↗ ↙ ↓ + LW,71.27495659722223,-0.47634548611110994
independent,simultaneous,joint_directed,cel8_042,↘ ↙ ↓,71.67100694444444,-0.08029513888888618
independent,simultaneous,joint_directed,cel8_042_lw,↘ ↙ ↓ + LW,71.37261284722221,-0.37868923611110994
independent,simultaneous,joint_directed,cel8_043,↗ ↘ ↙ ↓,72.11263020833333,0.3613281249999989
independent,simultaneous,joint_directed,cel8_043_lw,↗ ↘ ↙ ↓ + LW,72.11371527777777,0.3624131944444414
independent,simultaneous,joint_directed,cel8_044,↖ ↙ ↓,66.84136284722221,-4.909939236111108
independent,simultaneous,joint_directed,cel8_044_lw,↖ ↙ ↓ + LW,67.93294270833334,-3.8183593749999964
independent,simultaneous,joint_directed,cel8_045,↗ ↖ ↙ ↓,71.45290798611111,-0.2983940972222182
independent,simultaneous,joint_directed,cel8_045_lw,↗ ↖ ↙ ↓ + LW,71.07964409722223,-0.6716579861111072
independent,simultaneous,joint_directed,cel8_046,↘ ↖ ↙ ↓,70.09657118055556,-1.654730902777779
independent,simultaneous,joint_directed,cel8_046_lw,↘ ↖ ↙ ↓ + LW,71.318359375,-0.43294270833333093
independent,simultaneous,joint_directed,cel8_047,↗ ↘ ↖ ↙ ↓,71.80555555555556,0.05425347222222654
independent,simultaneous,joint_directed,cel8_047_lw,↗ ↘ ↖ ↙ ↓ + LW,72.13975694444446,0.38845486111111216
independent,simultaneous,joint_directed,cel8_048,↑ ↓,67.00086805555556,-4.750434027777772
independent,simultaneous,joint_directed,cel8_048_lw,↑ ↓ + LW,67.38715277777779,-4.364149305555551
independent,simultaneous,joint_directed,cel8_049,↗ ↑ ↓,72.16254340277779,0.411241319444447
independent,simultaneous,joint_directed,cel8_049_lw,↗ ↑ ↓ + LW,72.26671006944446,0.5154079861111133
independent,simultaneous,joint_directed,cel8_050,↘ ↑ ↓,71.80555555555556,0.05425347222222099
independent,simultaneous,joint_directed,cel8_050_lw,↘ ↑ ↓ + LW,72.1875,0.4361979166666724
independent,simultaneous,joint_directed,cel8_051,↗ ↘ ↑ ↓,72.49782986111111,0.7465277777777779
independent,simultaneous,joint_directed,cel8_051_lw,↗ ↘ ↑ ↓ + LW,72.646484375,0.8951822916666685
independent,simultaneous,joint_directed,cel8_052,↖ ↑ ↓,68.57747395833333,-3.173828125
independent,simultaneous,joint_directed,cel8_052_lw,↖ ↑ ↓ + LW,70.07269965277779,-1.678602430555551
independent,simultaneous,joint_directed,cel8_053,↗ ↖ ↑ ↓,71.76757812500001,0.016276041666674068
independent,simultaneous,joint_directed,cel8_053_lw,↗ ↖ ↑ ↓ + LW,71.98676215277779,0.23546006944444864
independent,simultaneous,joint_directed,cel8_054,↘ ↖ ↑ ↓,71.07096354166667,-0.6803385416666641
independent,simultaneous,joint_directed,cel8_054_lw,↘ ↖ ↑ ↓ + LW,72.46636284722221,0.7150607638888917
independent,simultaneous,joint_directed,cel8_055,↗ ↘ ↖ ↑ ↓,72.14084201388889,0.38953993055556024
independent,simultaneous,joint_directed,cel8_055_lw,↗ ↘ ↖ ↑ ↓ + LW,72.52061631944444,0.7693142361111155
independent,simultaneous,joint_directed,cel8_056,↙ ↑ ↓,70.50021701388889,-1.2510850694444409
independent,simultaneous,joint_directed,cel8_056_lw,↙ ↑ ↓ + LW,69.31532118055556,-2.4359809027777763
independent,simultaneous,joint_directed,cel8_057,↗ ↙ ↑ ↓,72.26345486111111,0.5121527777777801
independent,simultaneous,joint_directed,cel8_057_lw,↗ ↙ ↑ ↓ + LW,71.43337673611111,-0.3179253472222143
independent,simultaneous,joint_directed,cel8_058,↘ ↙ ↑ ↓,71.91731770833333,0.1660156249999989
independent,simultaneous,joint_directed,cel8_058_lw,↘ ↙ ↑ ↓ + LW,71.60807291666667,-0.14322916666666685
independent,simultaneous,joint_directed,cel8_059,↗ ↘ ↙ ↑ ↓,72.52061631944444,0.7693142361111099
independent,simultaneous,joint_directed,cel8_059_lw,↗ ↘ ↙ ↑ ↓ + LW,72.24934895833334,0.49804687499999944
independent,simultaneous,joint_directed,cel8_060,↖ ↙ ↑ ↓,68.84114583333334,-2.9101562499999982
independent,simultaneous,joint_directed,cel8_060_lw,↖ ↙ ↑ ↓ + LW,69.02886284722223,-2.722439236111107
independent,simultaneous,joint_directed,cel8_061,↗ ↖ ↙ ↑ ↓,71.67317708333334,-0.07812499999999556
independent,simultaneous,joint_directed,cel8_061_lw,↗ ↖ ↙ ↑ ↓ + LW,71.337890625,-0.41341145833333204
independent,simultaneous,joint_directed,cel8_062,↘ ↖ ↙ ↑ ↓,70.99934895833333,-0.7519531250000072
independent,simultaneous,joint_directed,cel8_062_lw,↘ ↖ ↙ ↑ ↓ + LW,71.75130208333333,5.551115123125783e-15
independent,simultaneous,joint_directed,cel8_063,↗ ↘ ↖ ↙ ↑ ↓,72.18315972222223,0.4318576388888856
independent,simultaneous,joint_directed,cel8_063_lw,↗ ↘ ↖ ↙ ↑ ↓ + LW,72.23741319444446,0.48611111111111494
independent,simultaneous,joint_directed,cel8_064,→,57.85698784722222,-13.894314236111107
independent,simultaneous,joint_directed,cel8_064_lw,→ + LW,59.31966145833333,-12.431640624999998
independent,simultaneous,joint_directed,cel8_065,↗ →,69.50303819444444,-2.248263888888888
independent,simultaneous,joint_directed,cel8_065_lw,↗ → + LW,68.2302517361111,-3.5210503472222268
independent,simultaneous,joint_directed,cel8_066,↘ →,66.54730902777779,-5.203993055555559
independent,simultaneous,joint_directed,cel8_066_lw,↘ → + LW,67.51627604166667,-4.2350260416666705
independent,simultaneous,joint_directed,cel8_067,↗ ↘ →,70.09548611111111,-1.655815972222216
independent,simultaneous,joint_directed,cel8_067_lw,↗ ↘ → + LW,69.88715277777779,-1.8641493055555514
independent,simultaneous,joint_directed,cel8_068,↖ →,65.67816840277777,-6.073133680555554
independent,simultaneous,joint_directed,cel8_068_lw,↖ → + LW,66.36610243055556,-5.385199652777778
independent,simultaneous,joint_directed,cel8_069,↗ ↖ →,71.03081597222223,-0.7204861111111099
independent,simultaneous,joint_directed,cel8_069_lw,↗ ↖ → + LW,70.36458333333333,-1.386718749999999
independent,simultaneous,joint_directed,cel8_070,↘ ↖ →,69.27191840277777,-2.4793836805555527
independent,simultaneous,joint_directed,cel8_070_lw,↘ ↖ → + LW,70.48719618055554,-1.2641059027777763
independent,simultaneous,joint_directed,cel8_071,↗ ↘ ↖ →,71.50173611111111,-0.24956597222222376
independent,simultaneous,joint_directed,cel8_071_lw,↗ ↘ ↖ → + LW,71.31293402777777,-0.4383680555555519
independent,simultaneous,joint_directed,cel8_072,↙ →,64.34027777777777,-7.411024305555555
independent,simultaneous,joint_directed,cel8_072_lw,↙ → + LW,65.1584201388889,-6.592881944444443
independent,simultaneous,joint_directed,cel8_073,↗ ↙ →,70.77582465277779,-0.9754774305555519
independent,simultaneous,joint_directed,cel8_073_lw,↗ ↙ → + LW,69.716796875,-2.034505208333326
independent,simultaneous,joint_directed,cel8_074,↘ ↙ →,69.02235243055556,-2.7289496527777763
independent,simultaneous,joint_directed,cel8_074_lw,↘ ↙ → + LW,69.77864583333333,-1.9726562500000044
independent,simultaneous,joint_directed,cel8_075,↗ ↘ ↙ →,71.52452256944444,-0.22677951388889173
independent,simultaneous,joint_directed,cel8_075_lw,↗ ↘ ↙ → + LW,70.94401041666666,-0.807291666666668
independent,simultaneous,joint_directed,cel8_076,↖ ↙ →,66.08181423611111,-5.669487847222221
independent,simultaneous,joint_directed,cel8_076_lw,↖ ↙ → + LW,66.77300347222223,-4.978298611111109
independent,simultaneous,joint_directed,cel8_077,↗ ↖ ↙ →,70.93207465277777,-0.819227430555558
independent,simultaneous,joint_directed,cel8_077_lw,↗ ↖ ↙ → + LW,70.04774305555556,-1.7035590277777735
independent,simultaneous,joint_directed,cel8_078,↘ ↖ ↙ →,69.54427083333333,-2.2070312499999964
independent,simultaneous,joint_directed,cel8_078_lw,↘ ↖ ↙ → + LW,70.19639756944446,-1.5549045138888857
independent,simultaneous,joint_directed,cel8_079,↗ ↘ ↖ ↙ →,71.53428819444446,-0.21701388888888395
independent,simultaneous,joint_directed,cel8_079_lw,↗ ↘ ↖ ↙ → + LW,71.01888020833333,-0.7324218749999917
independent,simultaneous,joint_directed,cel8_080,↑ →,63.86935763888889,-7.881944444444445
independent,simultaneous,joint_directed,cel8_080_lw,↑ → + LW,63.605685763888886,-8.145616319444441
independent,simultaneous,joint_directed,cel8_081,↗ ↑ →,70.98198784722223,-0.7693142361111099
independent,simultaneous,joint_directed,cel8_081_lw,↗ ↑ → + LW,69.67990451388889,-2.071397569444447
independent,simultaneous,joint_directed,cel8_082,↘ ↑ →,69.189453125,-2.5618489583333295
independent,simultaneous,joint_directed,cel8_082_lw,↘ ↑ → + LW,69.42274305555554,-2.3285590277777795
independent,simultaneous,joint_directed,cel8_083,↗ ↘ ↑ →,71.44965277777779,-0.3016493055555569
independent,simultaneous,joint_directed,cel8_083_lw,↗ ↘ ↑ → + LW,70.76063368055556,-0.9906684027777724
independent,simultaneous,joint_directed,cel8_084,↖ ↑ →,67.48263888888889,-4.268663194444441
independent,simultaneous,joint_directed,cel8_084_lw,↖ ↑ → + LW,67.42621527777777,-4.325086805555559
independent,simultaneous,joint_directed,cel8_085,↗ ↖ ↑ →,71.49197048611111,-0.25933159722222043
independent,simultaneous,joint_directed,cel8_085_lw,↗ ↖ ↑ → + LW,70.78776041666667,-0.9635416666666646
independent,simultaneous,joint_directed,cel8_086,↘ ↖ ↑ →,70.21809895833333,-1.5332031250000018
independent,simultaneous,joint_directed,cel8_086_lw,↘ ↖ ↑ → + LW,71.07421875,-0.6770833333333365
independent,simultaneous,joint_directed,cel8_087,↗ ↘ ↖ ↑ →,71.923828125,0.17252604166667074
independent,simultaneous,joint_directed,cel8_087_lw,↗ ↘ ↖ ↑ → + LW,71.6525607638889,-0.09874131944443976
independent,simultaneous,joint_directed,cel8_088,↙ ↑ →,67.45442708333333,-4.296875
independent,simultaneous,joint_directed,cel8_088_lw,↙ ↑ → + LW,66.66666666666666,-5.084635416666666
independent,simultaneous,joint_directed,cel8_089,↗ ↙ ↑ →,71.54839409722223,-0.20290798611110605
independent,simultaneous,joint_directed,cel8_089_lw,↗ ↙ ↑ → + LW,70.07486979166667,-1.6764322916666656
independent,simultaneous,joint_directed,cel8_090,↘ ↙ ↑ →,70.35807291666667,-1.3932291666666707
independent,simultaneous,joint_directed,cel8_090_lw,↘ ↙ ↑ → + LW,70.26801215277779,-1.4832899305555562
independent,simultaneous,joint_directed,cel8_091,↗ ↘ ↙ ↑ →,72.1017795138889,0.3504774305555597
independent,simultaneous,joint_directed,cel8_091_lw,↗ ↘ ↙ ↑ → + LW,71.30425347222223,-0.4470486111111116
independent,simultaneous,joint_directed,cel8_092,↖ ↙ ↑ →,67.91558159722221,-3.8357204861111076
independent,simultaneous,joint_directed,cel8_092_lw,↖ ↙ ↑ → + LW,67.57378472222221,-4.177517361111108
independent,simultaneous,joint_directed,cel8_093,↗ ↖ ↙ ↑ →,71.29231770833333,-0.4589843749999989
independent,simultaneous,joint_directed,cel8_093_lw,↗ ↖ ↙ ↑ → + LW,70.40147569444444,-1.3498263888888888
independent,simultaneous,joint_directed,cel8_094,↘ ↖ ↙ ↑ →,70.30056423611111,-1.450737847222222
independent,simultaneous,joint_directed,cel8_094_lw,↘ ↖ ↙ ↑ → + LW,70.6271701388889,-1.1241319444444398
independent,simultaneous,joint_directed,cel8_095,↗ ↘ ↖ ↙ ↑ →,71.91840277777779,0.1671006944444442
independent,simultaneous,joint_directed,cel8_095_lw,↗ ↘ ↖ ↙ ↑ → + LW,71.49305555555556,-0.25824652777777235
independent,simultaneous,joint_directed,cel8_096,↓ →,60.30598958333333,-11.445312499999998
independent,simultaneous,joint_directed,cel8_096_lw,↓ → + LW,63.209635416666664,-8.541666666666664
independent,simultaneous,joint_directed,cel8_097,↗ ↓ →,70.13997395833333,-1.6113281250000056
independent,simultaneous,joint_directed,cel8_097_lw,↗ ↓ → + LW,69.84809027777777,-1.9032118055555576
independent,simultaneous,joint_directed,cel8_098,↘ ↓ →,67.69639756944444,-4.054904513888885
independent,simultaneous,joint_directed,cel8_098_lw,↘ ↓ → + LW,69.35112847222223,-2.400173611111109
independent,simultaneous,joint_directed,cel8_099,↗ ↘ ↓ →,70.76931423611111,-0.9819878472222154
independent,simultaneous,joint_directed,cel8_099_lw,↗ ↘ ↓ → + LW,70.69118923611111,-1.0601128472222192
independent,simultaneous,joint_directed,cel8_100,↖ ↓ →,66.17730034722223,-5.574001736111117
independent,simultaneous,joint_directed,cel8_100_lw,↖ ↓ → + LW,67.7029079861111,-4.048394097222221
independent,simultaneous,joint_directed,cel8_101,↗ ↖ ↓ →,71.18598090277779,-0.5653211805555558
independent,simultaneous,joint_directed,cel8_101_lw,↗ ↖ ↓ → + LW,70.77799479166667,-0.9733072916666669
independent,simultaneous,joint_directed,cel8_102,↘ ↖ ↓ →,69.53667534722221,-2.214626736111108
independent,simultaneous,joint_directed,cel8_102_lw,↘ ↖ ↓ → + LW,70.81705729166666,-0.9342447916666718
independent,simultaneous,joint_directed,cel8_103,↗ ↘ ↖ ↓ →,71.56684027777777,-0.18446180555555247
independent,simultaneous,joint_directed,cel8_103_lw,↗ ↘ ↖ ↓ → + LW,71.75347222222223,0.0021701388888933915
independent,simultaneous,joint_directed,cel8_104,↙ ↓ →,65.42426215277779,-6.327039930555553
independent,simultaneous,joint_directed,cel8_104_lw,↙ ↓ → + LW,66.50933159722221,-5.241970486111111
independent,simultaneous,joint_directed,cel8_105,↗ ↙ ↓ →,71.13715277777779,-0.6141493055555503
independent,simultaneous,joint_directed,cel8_105_lw,↗ ↙ ↓ → + LW,70.13237847222223,-1.6189236111111116
independent,simultaneous,joint_directed,cel8_106,↘ ↙ ↓ →,69.44444444444444,-2.3068576388888844
independent,simultaneous,joint_directed,cel8_106_lw,↘ ↙ ↓ → + LW,70.09331597222221,-1.6579861111111094
independent,simultaneous,joint_directed,cel8_107,↗ ↘ ↙ ↓ →,71.75889756944444,0.0075954861111116045
independent,simultaneous,joint_directed,cel8_107_lw,↗ ↘ ↙ ↓ → + LW,71.18489583333334,-0.5664062499999983
independent,simultaneous,joint_directed,cel8_108,↖ ↙ ↓ →,66.63736979166667,-5.113932291666664
independent,simultaneous,joint_directed,cel8_108_lw,↖ ↙ ↓ → + LW,67.59440104166667,-4.156901041666666
independent,simultaneous,joint_directed,cel8_109,↗ ↖ ↙ ↓ →,71.15668402777777,-0.5946180555555541
independent,simultaneous,joint_directed,cel8_109_lw,↗ ↖ ↙ ↓ → + LW,70.34071180555556,-1.4105902777777735
independent,simultaneous,joint_directed,cel8_110,↘ ↖ ↙ ↓ →,69.88498263888889,-1.8663194444444446
independent,simultaneous,joint_directed,cel8_110_lw,↘ ↖ ↙ ↓ → + LW,70.45789930555556,-1.2934027777777772
independent,simultaneous,joint_directed,cel8_111,↗ ↘ ↖ ↙ ↓ →,71.70572916666667,-0.045572916666664076
independent,simultaneous,joint_directed,cel8_111_lw,↗ ↘ ↖ ↙ ↓ → + LW,71.44314236111111,-0.30815972222221766
independent,simultaneous,joint_directed,cel8_112,↑ ↓ →,64.59092881944444,-7.160373263888886
independent,simultaneous,joint_directed,cel8_112_lw,↑ ↓ → + LW,65.12369791666669,-6.627604166666662
independent,simultaneous,joint_directed,cel8_113,↗ ↑ ↓ →,71.17838541666666,-0.5729166666666702
independent,simultaneous,joint_directed,cel8_113_lw,↗ ↑ ↓ → + LW,70.41666666666666,-1.3346354166666656
independent,simultaneous,joint_directed,cel8_114,↘ ↑ ↓ →,69.35546875,-2.3958333333333304
independent,simultaneous,joint_directed,cel8_114_lw,↘ ↑ ↓ → + LW,69.92078993055554,-1.8305121527777801
independent,simultaneous,joint_directed,cel8_115,↗ ↘ ↑ ↓ →,71.74913194444444,-0.002170138888885065
independent,simultaneous,joint_directed,cel8_115_lw,↗ ↘ ↑ ↓ → + LW,71.44097222222223,-0.3103298611111027
independent,simultaneous,joint_directed,cel8_116,↖ ↑ ↓ →,67.61827256944444,-4.133029513888889
independent,simultaneous,joint_directed,cel8_116_lw,↖ ↑ ↓ → + LW,68.466796875,-3.28450520833333
independent,simultaneous,joint_directed,cel8_117,↗ ↖ ↑ ↓ →,71.58311631944444,-0.16818576388889228
independent,simultaneous,joint_directed,cel8_117_lw,↗ ↖ ↑ ↓ → + LW,71.22829861111111,-0.5230034722222221
independent,simultaneous,joint_directed,cel8_118,↘ ↖ ↑ ↓ →,70.30164930555556,-1.4496527777777768
independent,simultaneous,joint_directed,cel8_118_lw,↘ ↖ ↑ ↓ → + LW,71.18272569444444,-0.5685763888888862
independent,simultaneous,joint_directed,cel8_119,↗ ↘ ↖ ↑ ↓ →,72.01605902777777,0.2647569444444442
independent,simultaneous,joint_directed,cel8_119_lw,↗ ↘ ↖ ↑ ↓ → + LW,71.85980902777779,0.10850694444444475
independent,simultaneous,joint_directed,cel8_120,↙ ↑ ↓ →,67.68446180555556,-4.066840277777775
independent,simultaneous,joint_directed,cel8_120_lw,↙ ↑ ↓ → + LW,67.56510416666667,-4.186197916666662
independent,simultaneous,joint_directed,cel8_121,↗ ↙ ↑ ↓ →,71.708984375,-0.04231770833333648
independent,simultaneous,joint_directed,cel8_121_lw,↗ ↙ ↑ ↓ → + LW,70.39713541666666,-1.35416666666667
independent,simultaneous,joint_directed,cel8_122,↘ ↙ ↑ ↓ →,70.36892361111111,-1.3823784722222232
independent,simultaneous,joint_directed,cel8_122_lw,↘ ↙ ↑ ↓ → + LW,70.54578993055556,-1.2055121527777795
independent,simultaneous,joint_directed,cel8_123,↗ ↘ ↙ ↑ ↓ →,72.23741319444446,0.4861111111111094
independent,simultaneous,joint_directed,cel8_123_lw,↗ ↘ ↙ ↑ ↓ → + LW,71.40299479166667,-0.3483072916666635
independent,simultaneous,joint_directed,cel8_124,↖ ↙ ↑ ↓ →,68.1955295138889,-3.55577256944444
independent,simultaneous,joint_directed,cel8_124_lw,↖ ↙ ↑ ↓ → + LW,68.31922743055556,-3.4320746527777777
independent,simultaneous,joint_directed,cel8_125,↗ ↖ ↙ ↑ ↓ →,71.49848090277776,-0.2528211805555597
independent,simultaneous,joint_directed,cel8_125_lw,↗ ↖ ↙ ↑ ↓ → + LW,70.78667534722223,-0.9646267361111099
independent,simultaneous,joint_directed,cel8_126,↘ ↖ ↙ ↑ ↓ →,70.39822048611111,-1.353081597222222
independent,simultaneous,joint_directed,cel8_126_lw,↘ ↖ ↙ ↑ ↓ → + LW,70.94943576388889,-0.801866319444447
independent,simultaneous,joint_directed,cel8_127,↗ ↘ ↖ ↙ ↑ ↓ →,71.97265625,0.22135416666666796
independent,simultaneous,joint_directed,cel8_127_lw,↗ ↘ ↖ ↙ ↑ ↓ → + LW,71.73611111111111,-0.015190972222220434
independent,simultaneous,joint_directed,cel8_128,←,55.13888888888889,-16.612413194444443
independent,simultaneous,joint_directed,cel8_128_lw,← + LW,56.33789062500001,-15.413411458333332
independent,simultaneous,joint_directed,cel8_129,↗ ←,69.07009548611111,-2.6812065972222214
independent,simultaneous,joint_directed,cel8_129_lw,↗ ← + LW,67.61176215277777,-4.139539930555553
independent,simultaneous,joint_directed,cel8_130,↘ ←,65.80729166666667,-5.944010416666668
independent,simultaneous,joint_directed,cel8_130_lw,↘ ← + LW,67.52821180555554,-4.223090277777778
independent,simultaneous,joint_directed,cel8_131,↗ ↘ ←,69.68858506944444,-2.0627170138888844
independent,simultaneous,joint_directed,cel8_131_lw,↗ ↘ ← + LW,69.24262152777779,-2.508680555555562
independent,simultaneous,joint_directed,cel8_132,↖ ←,64.49327256944444,-7.258029513888886
independent,simultaneous,joint_directed,cel8_132_lw,↖ ← + LW,64.43250868055556,-7.318793402777776
independent,simultaneous,joint_directed,cel8_133,↗ ↖ ←,71.13064236111111,-0.6206597222222193
independent,simultaneous,joint_directed,cel8_133_lw,↗ ↖ ← + LW,70.04991319444444,-1.7013888888888884
independent,simultaneous,joint_directed,cel8_134,↘ ↖ ←,69.54318576388889,-2.2081163194444446
independent,simultaneous,joint_directed,cel8_134_lw,↘ ↖ ← + LW,70.29513888888889,-1.4561631944444402
independent,simultaneous,joint_directed,cel8_135,↗ ↘ ↖ ←,71.45724826388889,-0.2940538194444453
independent,simultaneous,joint_directed,cel8_135_lw,↗ ↘ ↖ ← + LW,71.298828125,-0.4524739583333298
independent,simultaneous,joint_directed,cel8_136,↙ ←,62.35460069444444,-9.396701388888893
independent,simultaneous,joint_directed,cel8_136_lw,↙ ← + LW,62.71050347222222,-9.040798611111109
independent,simultaneous,joint_directed,cel8_137,↗ ↙ ←,70.51649305555556,-1.234809027777778
independent,simultaneous,joint_directed,cel8_137_lw,↗ ↙ ← + LW,69.30121527777779,-2.4500868055555514
independent,simultaneous,joint_directed,cel8_138,↘ ↙ ←,68.84657118055556,-2.9047309027777746
independent,simultaneous,joint_directed,cel8_138_lw,↘ ↙ ← + LW,69.45203993055556,-2.299262152777776
independent,simultaneous,joint_directed,cel8_139,↗ ↘ ↙ ←,71.03515625,-0.7161458333333315
independent,simultaneous,joint_directed,cel8_139_lw,↗ ↘ ↙ ← + LW,70.70095486111111,-1.0503472222222199
independent,simultaneous,joint_directed,cel8_140,↖ ↙ ←,65.4611545138889,-6.29014756944444
independent,simultaneous,joint_directed,cel8_140_lw,↖ ↙ ← + LW,65.18663194444446,-6.564670138888887
independent,simultaneous,joint_directed,cel8_141,↗ ↖ ↙ ←,71.06336805555556,-0.6879340277777785
independent,simultaneous,joint_directed,cel8_141_lw,↗ ↖ ↙ ← + LW,70.02604166666666,-1.725260416666663
independent,simultaneous,joint_directed,cel8_142,↘ ↖ ↙ ←,69.88715277777777,-1.864149305555557
independent,simultaneous,joint_directed,cel8_142_lw,↘ ↖ ↙ ← + LW,70.283203125,-1.4680989583333304
independent,simultaneous,joint_directed,cel8_143,↗ ↘ ↖ ↙ ←,71.48871527777779,-0.26258680555555636
independent,simultaneous,joint_directed,cel8_143_lw,↗ ↘ ↖ ↙ ← + LW,71.14149305555554,-0.6098090277777801
independent,simultaneous,joint_directed,cel8_144,↑ ←,62.485894097222214,-9.265407986111112
independent,simultaneous,joint_directed,cel8_144_lw,↑ ← + LW,61.13389756944445,-10.617404513888888
independent,simultaneous,joint_directed,cel8_145,↗ ↑ ←,70.09657118055556,-1.6547309027777735
independent,simultaneous,joint_directed,cel8_145_lw,↗ ↑ ← + LW,68.30295138888889,-3.448350694444441
independent,simultaneous,joint_directed,cel8_146,↘ ↑ ←,68.26497395833333,-3.486328124999999
independent,simultaneous,joint_directed,cel8_146_lw,↘ ↑ ← + LW,68.49934895833333,-3.2519531249999982
independent,simultaneous,joint_directed,cel8_147,↗ ↘ ↑ ←,70.84526909722221,-0.9060329861111105
independent,simultaneous,joint_directed,cel8_147_lw,↗ ↘ ↑ ← + LW,69.88932291666666,-1.8619791666666634
independent,simultaneous,joint_directed,cel8_148,↖ ↑ ←,67.44032118055556,-4.310980902777778
independent,simultaneous,joint_directed,cel8_148_lw,↖ ↑ ← + LW,66.57769097222224,-5.173611111111109
independent,simultaneous,joint_directed,cel8_149,↗ ↖ ↑ ←,71.51258680555556,-0.23871527777777624
independent,simultaneous,joint_directed,cel8_149_lw,↗ ↖ ↑ ← + LW,70.43402777777779,-1.3172743055555518
independent,simultaneous,joint_directed,cel8_150,↘ ↖ ↑ ←,70.37434895833333,-1.3769531250000022
independent,simultaneous,joint_directed,cel8_150_lw,↘ ↖ ↑ ← + LW,70.94184027777777,-0.8094618055555558
independent,simultaneous,joint_directed,cel8_151,↗ ↘ ↖ ↑ ←,71.94552951388889,0.1942274305555547
independent,simultaneous,joint_directed,cel8_151_lw,↗ ↘ ↖ ↑ ← + LW,71.68619791666666,-0.06510416666666297
independent,simultaneous,joint_directed,cel8_152,↙ ↑ ←,66.96397569444446,-4.787326388888882
independent,simultaneous,joint_directed,cel8_152_lw,↙ ↑ ← + LW,65.09223090277779,-6.659071180555551
independent,simultaneous,joint_directed,cel8_153,↗ ↙ ↑ ←,71.220703125,-0.5305989583333309
independent,simultaneous,joint_directed,cel8_153_lw,↗ ↙ ↑ ← + LW,69.76453993055557,-1.9867621527777712
independent,simultaneous,joint_directed,cel8_154,↘ ↙ ↑ ←,70.13563368055556,-1.6156684027777757
independent,simultaneous,joint_directed,cel8_154_lw,↘ ↙ ↑ ← + LW,69.90993923611111,-1.841362847222222
independent,simultaneous,joint_directed,cel8_155,↗ ↘ ↙ ↑ ←,71.66124131944444,-0.09006076388888007
independent,simultaneous,joint_directed,cel8_155_lw,↗ ↘ ↙ ↑ ← + LW,71.03624131944444,-0.7150607638888862
independent,simultaneous,joint_directed,cel8_156,↖ ↙ ↑ ←,67.74739583333333,-4.003906249999997
independent,simultaneous,joint_directed,cel8_156_lw,↖ ↙ ↑ ← + LW,66.42144097222223,-5.329861111111112
independent,simultaneous,joint_directed,cel8_157,↗ ↖ ↙ ↑ ←,71.61349826388889,-0.1378038194444431
independent,simultaneous,joint_directed,cel8_157_lw,↗ ↖ ↙ ↑ ← + LW,70.33203125,-1.4192708333333304
independent,simultaneous,joint_directed,cel8_158,↘ ↖ ↙ ↑ ←,70.625,-1.126302083333333
independent,simultaneous,joint_directed,cel8_158_lw,↘ ↖ ↙ ↑ ← + LW,70.68684895833333,-1.0644531249999951
independent,simultaneous,joint_directed,cel8_159,↗ ↘ ↖ ↙ ↑ ←,71.89887152777777,0.14756944444444253
independent,simultaneous,joint_directed,cel8_159_lw,↗ ↘ ↖ ↙ ↑ ← + LW,71.4626736111111,-0.2886284722222243
independent,simultaneous,joint_directed,cel8_160,↓ ←,57.92534722222222,-13.825954861111109
independent,simultaneous,joint_directed,cel8_160_lw,↓ ← + LW,60.52734375000001,-11.223958333333329
independent,simultaneous,joint_directed,cel8_161,↗ ↓ ←,69.37500000000001,-2.3763020833333313
independent,simultaneous,joint_directed,cel8_161_lw,↗ ↓ ← + LW,68.18793402777779,-3.5633680555555545
independent,simultaneous,joint_directed,cel8_162,↘ ↓ ←,66.63519965277777,-5.116102430555553
independent,simultaneous,joint_directed,cel8_162_lw,↘ ↓ ← + LW,68.39952256944444,-3.351779513888892
independent,simultaneous,joint_directed,cel8_163,↗ ↘ ↓ ←,70.03580729166666,-1.7154947916666692
independent,simultaneous,joint_directed,cel8_163_lw,↗ ↘ ↓ ← + LW,69.76779513888887,-1.983506944444449
independent,simultaneous,joint_directed,cel8_164,↖ ↓ ←,65.65212673611111,-6.099175347222221
independent,simultaneous,joint_directed,cel8_164_lw,↖ ↓ ← + LW,66.45941840277779,-5.291883680555551
independent,simultaneous,joint_directed,cel8_165,↗ ↖ ↓ ←,71.32595486111111,-0.4253472222222221
independent,simultaneous,joint_directed,cel8_165_lw,↗ ↖ ↓ ← + LW,70.40473090277777,-1.3465711805555531
independent,simultaneous,joint_directed,cel8_166,↘ ↖ ↓ ←,69.74283854166667,-2.0084635416666634
independent,simultaneous,joint_directed,cel8_166_lw,↘ ↖ ↓ ← + LW,70.85503472222223,-0.8962673611111083
independent,simultaneous,joint_directed,cel8_167,↗ ↘ ↖ ↓ ←,71.62217881944444,-0.12912326388888895
independent,simultaneous,joint_directed,cel8_167_lw,↗ ↘ ↖ ↓ ← + LW,71.73394097222221,-0.017361111111108274
independent,simultaneous,joint_directed,cel8_168,↙ ↓ ←,64.03428819444443,-7.717013888888894
independent,simultaneous,joint_directed,cel8_168_lw,↙ ↓ ← + LW,64.77973090277777,-6.971571180555553
independent,simultaneous,joint_directed,cel8_169,↗ ↙ ↓ ←,70.76063368055556,-0.9906684027777779
independent,simultaneous,joint_directed,cel8_169_lw,↗ ↙ ↓ ← + LW,69.90993923611111,-1.8413628472222192
independent,simultaneous,joint_directed,cel8_170,↘ ↙ ↓ ←,69.18836805555554,-2.5629340277777772
independent,simultaneous,joint_directed,cel8_170_lw,↘ ↙ ↓ ← + LW,69.80034722222221,-1.9509548611111094
independent,simultaneous,joint_directed,cel8_171,↗ ↘ ↙ ↓ ←,71.25759548611111,-0.4937065972222182
independent,simultaneous,joint_directed,cel8_171_lw,↗ ↘ ↙ ↓ ← + LW,71.01888020833333,-0.732421875
independent,simultaneous,joint_directed,cel8_172,↖ ↙ ↓ ←,66.31401909722223,-5.437282986111111
independent,simultaneous,joint_directed,cel8_172_lw,↖ ↙ ↓ ← + LW,66.5234375,-5.227864583333333
independent,simultaneous,joint_directed,cel8_173,↗ ↖ ↙ ↓ ←,71.16319444444444,-0.5881076388888878
independent,simultaneous,joint_directed,cel8_173_lw,↗ ↖ ↙ ↓ ← + LW,70.40147569444444,-1.3498263888888862
independent,simultaneous,joint_directed,cel8_174,↘ ↖ ↙ ↓ ←,70.068359375,-1.6829427083333321
independent,simultaneous,joint_directed,cel8_174_lw,↘ ↖ ↙ ↓ ← + LW,70.60438368055556,-1.146918402777772
independent,simultaneous,joint_directed,cel8_175,↗ ↘ ↖ ↙ ↓ ←,71.56684027777779,-0.18446180555555247
independent,simultaneous,joint_directed,cel8_175_lw,↗ ↘ ↖ ↙ ↓ ← + LW,71.48328993055556,-0.2680121527777718
independent,simultaneous,joint_directed,cel8_176,↑ ↓ ←,63.28342013888888,-8.467881944444446
independent,simultaneous,joint_directed,cel8_176_lw,↑ ↓ ← + LW,62.82660590277778,-8.924696180555552
independent,simultaneous,joint_directed,cel8_177,↗ ↑ ↓ ←,70.31901041666666,-1.4322916666666656
independent,simultaneous,joint_directed,cel8_177_lw,↗ ↑ ↓ ← + LW,68.86284722222223,-2.888454861111109
independent,simultaneous,joint_directed,cel8_178,↘ ↑ ↓ ←,68.43207465277779,-3.319227430555549
independent,simultaneous,joint_directed,cel8_178_lw,↘ ↑ ↓ ← + LW,68.87695312500001,-2.874348958333328
independent,simultaneous,joint_directed,cel8_179,↗ ↘ ↑ ↓ ←,70.87022569444443,-0.8810763888888878
independent,simultaneous,joint_directed,cel8_179_lw,↗ ↘ ↑ ↓ ← + LW,70.28862847222221,-1.462673611111112
independent,simultaneous,joint_directed,cel8_180,↖ ↑ ↓ ←,67.802734375,-3.948567708333331
independent,simultaneous,joint_directed,cel8_180_lw,↖ ↑ ↓ ← + LW,67.63780381944444,-4.1134982638888875
independent,simultaneous,joint_directed,cel8_181,↗ ↖ ↑ ↓ ←,71.55381944444446,-0.19748263888888784
independent,simultaneous,joint_directed,cel8_181_lw,↗ ↖ ↑ ↓ ← + LW,70.75629340277779,-0.9950086805555508
independent,simultaneous,joint_directed,cel8_182,↘ ↖ ↑ ↓ ←,70.47417534722223,-1.277126736111109
independent,simultaneous,joint_directed,cel8_182_lw,↘ ↖ ↑ ↓ ← + LW,71.18598090277779,-0.5653211805555503
independent,simultaneous,joint_directed,cel8_183,↗ ↘ ↖ ↑ ↓ ←,71.98893229166667,0.23763020833333648
independent,simultaneous,joint_directed,cel8_183_lw,↗ ↘ ↖ ↑ ↓ ← + LW,71.97591145833331,0.22460937499999556
independent,simultaneous,joint_directed,cel8_184,↙ ↑ ↓ ←,67.48263888888889,-4.268663194444445
independent,simultaneous,joint_directed,cel8_184_lw,↙ ↑ ↓ ← + LW,66.33246527777777,-5.418836805555557
independent,simultaneous,joint_directed,cel8_185,↗ ↙ ↑ ↓ ←,71.46592881944444,-0.2853732638888884
independent,simultaneous,joint_directed,cel8_185_lw,↗ ↙ ↑ ↓ ← + LW,70.11176215277779,-1.6395399305555558
independent,simultaneous,joint_directed,cel8_186,↘ ↙ ↑ ↓ ←,70.20616319444444,-1.5451388888888888
independent,simultaneous,joint_directed,cel8_186_lw,↘ ↙ ↑ ↓ ← + LW,70.13997395833333,-1.611328125
independent,simultaneous,joint_directed,cel8_187,↗ ↘ ↙ ↑ ↓ ←,71.77191840277779,0.020616319444446973
independent,simultaneous,joint_directed,cel8_187_lw,↗ ↘ ↙ ↑ ↓ ← + LW,71.2109375,-0.5403645833333331
independent,simultaneous,joint_directed,cel8_188,↖ ↙ ↑ ↓ ←,68.16189236111111,-3.589409722222217
independent,simultaneous,joint_directed,cel8_188_lw,↖ ↙ ↑ ↓ ← + LW,67.6974826388889,-4.053819444444439
independent,simultaneous,joint_directed,cel8_189,↗ ↖ ↙ ↑ ↓ ←,71.64930555555557,-0.10199652777777568
independent,simultaneous,joint_directed,cel8_189_lw,↗ ↖ ↙ ↑ ↓ ← + LW,70.68793402777779,-1.0633680555555496
independent,simultaneous,joint_directed,cel8_190,↘ ↖ ↙ ↑ ↓ ←,70.73133680555556,-1.019965277777779
independent,simultaneous,joint_directed,cel8_190_lw,↘ ↖ ↙ ↑ ↓ ← + LW,70.97222222222223,-0.7790798611111038
independent,simultaneous,joint_directed,cel8_191,↗ ↘ ↖ ↙ ↑ ↓ ←,72.0703125,0.3190104166666652
independent,simultaneous,joint_directed,cel8_191_lw,↗ ↘ ↖ ↙ ↑ ↓ ← + LW,71.6796875,-0.07161458333333204
independent,simultaneous,joint_directed,cel8_192,→ ←,57.29383680555556,-14.457465277777779
independent,simultaneous,joint_directed,cel8_192_lw,→ ← + LW,58.7717013888889,-12.979600694444443
independent,simultaneous,joint_directed,cel8_193,↗ → ←,67.99370659722224,-3.7575954861111094
independent,simultaneous,joint_directed,cel8_193_lw,↗ → ← + LW,66.41710069444444,-5.334201388888885
independent,simultaneous,joint_directed,cel8_194,↘ → ←,63.937717013888886,-7.813585069444443
independent,simultaneous,joint_directed,cel8_194_lw,↘ → ← + LW,66.08506944444443,-5.666232638888891
independent,simultaneous,joint_directed,cel8_195,↗ ↘ → ←,68.89322916666667,-2.8580729166666625
independent,simultaneous,joint_directed,cel8_195_lw,↗ ↘ → ← + LW,68.30729166666667,-3.4440104166666625
independent,simultaneous,joint_directed,cel8_196,↖ → ←,64.5703125,-7.180989583333333
independent,simultaneous,joint_directed,cel8_196_lw,↖ → ← + LW,64.62348090277777,-7.127821180555557
independent,simultaneous,joint_directed,cel8_197,↗ ↖ → ←,70.20399305555554,-1.5473090277777795
independent,simultaneous,joint_directed,cel8_197_lw,↗ ↖ → ← + LW,68.81618923611111,-2.9351128472222183
independent,simultaneous,joint_directed,cel8_198,↘ ↖ → ←,68.25954861111111,-3.4917534722222197
independent,simultaneous,joint_directed,cel8_198_lw,↘ ↖ → ← + LW,69.04622395833331,-2.7050781250000018
independent,simultaneous,joint_directed,cel8_199,↗ ↘ ↖ → ←,70.703125,-1.0481770833333348
independent,simultaneous,joint_directed,cel8_199_lw,↗ ↘ ↖ → ← + LW,70.18120659722223,-1.570095486111106
independent,simultaneous,joint_directed,cel8_200,↙ → ←,61.7849392361111,-9.966362847222229
independent,simultaneous,joint_directed,cel8_200_lw,↙ → ← + LW,63.273654513888886,-8.477647569444443
independent,simultaneous,joint_directed,cel8_201,↗ ↙ → ←,69.42491319444444,-2.326388888888892
independent,simultaneous,joint_directed,cel8_201_lw,↗ ↙ → ← + LW,68.41037326388889,-3.340928819444444
independent,simultaneous,joint_directed,cel8_202,↘ ↙ → ←,66.70355902777779,-5.047743055555556
independent,simultaneous,joint_directed,cel8_202_lw,↘ ↙ → ← + LW,68.212890625,-3.538411458333332
independent,simultaneous,joint_directed,cel8_203,↗ ↘ ↙ → ←,70.14539930555556,-1.6059027777777763
independent,simultaneous,joint_directed,cel8_203_lw,↗ ↘ ↙ → ← + LW,69.57790798611111,-2.1733940972222254
independent,simultaneous,joint_directed,cel8_204,↖ ↙ → ←,65.52300347222223,-6.228298611111108
independent,simultaneous,joint_directed,cel8_204_lw,↖ ↙ → ← + LW,65.47200520833333,-6.279296875000001
independent,simultaneous,joint_directed,cel8_205,↗ ↖ ↙ → ←,70.47309027777777,-1.278211805555554
independent,simultaneous,joint_directed,cel8_205_lw,↗ ↖ ↙ → ← + LW,69.29796006944446,-2.4533420138888844
independent,simultaneous,joint_directed,cel8_206,↘ ↖ ↙ → ←,68.76953125,-2.9817708333333304
independent,simultaneous,joint_directed,cel8_206_lw,↘ ↖ ↙ → ← + LW,69.32508680555554,-2.426215277777777
independent,simultaneous,joint_directed,cel8_207,↗ ↘ ↖ ↙ → ←,70.93858506944444,-0.812717013888889
independent,simultaneous,joint_directed,cel8_207_lw,↗ ↘ ↖ ↙ → ← + LW,70.29405381944444,-1.4572482638888857
independent,simultaneous,joint_directed,cel8_208,↑ → ←,61.05034722222222,-10.700954861111109
independent,simultaneous,joint_directed,cel8_208_lw,↑ → ← + LW,60.964626736111114,-10.786675347222218
independent,simultaneous,joint_directed,cel8_209,↗ ↑ → ←,69.20789930555556,-2.543402777777776
independent,simultaneous,joint_directed,cel8_209_lw,↗ ↑ → ← + LW,67.2189670138889,-4.53233506944444
independent,simultaneous,joint_directed,cel8_210,↘ ↑ → ←,66.18381076388889,-5.5674913194444455
independent,simultaneous,joint_directed,cel8_210_lw,↘ ↑ → ← + LW,67.18967013888889,-4.561631944444441
independent,simultaneous,joint_directed,cel8_211,↗ ↘ ↑ → ←,69.95768229166667,-1.79361979166667
independent,simultaneous,joint_directed,cel8_211_lw,↗ ↘ ↑ → ← + LW,68.88563368055556,-2.865668402777777
independent,simultaneous,joint_directed,cel8_212,↖ ↑ → ←,66.41493055555556,-5.33637152777778
independent,simultaneous,joint_directed,cel8_212_lw,↖ ↑ → ← + LW,65.71723090277779,-6.03407118055555
independent,simultaneous,joint_directed,cel8_213,↗ ↖ ↑ → ←,70.69010416666666,-1.0611979166666674
independent,simultaneous,joint_directed,cel8_213_lw,↗ ↖ ↑ → ← + LW,69.2556423611111,-2.495659722222221
independent,simultaneous,joint_directed,cel8_214,↘ ↖ ↑ → ←,69.21549479166667,-2.5358072916666643
independent,simultaneous,joint_directed,cel8_214_lw,↘ ↖ ↑ → ← + LW,69.49652777777779,-2.2547743055555514
independent,simultaneous,joint_directed,cel8_215,↗ ↘ ↖ ↑ → ←,71.29991319444444,-0.4513888888888873
independent,simultaneous,joint_directed,cel8_215_lw,↗ ↘ ↖ ↑ → ← + LW,70.38411458333334,-1.3671874999999944
independent,simultaneous,joint_directed,cel8_216,↙ ↑ → ←,64.67447916666667,-7.076822916666664
independent,simultaneous,joint_directed,cel8_216_lw,↙ ↑ → ← + LW,64.79926215277779,-6.952039930555556
independent,simultaneous,joint_directed,cel8_217,↗ ↙ ↑ → ←,70.28428819444446,-1.467013888888885
independent,simultaneous,joint_directed,cel8_217_lw,↗ ↙ ↑ → ← + LW,68.76953125,-2.9817708333333304
independent,simultaneous,joint_directed,cel8_218,↘ ↙ ↑ → ←,68.06315104166667,-3.688151041666665
independent,simultaneous,joint_directed,cel8_218_lw,↘ ↙ ↑ → ← + LW,68.623046875,-3.128255208333333
independent,simultaneous,joint_directed,cel8_219,↗ ↘ ↙ ↑ → ←,70.86697048611111,-0.884331597222221
independent,simultaneous,joint_directed,cel8_219_lw,↗ ↘ ↙ ↑ → ← + LW,69.775390625,-1.9759114583333264
independent,simultaneous,joint_directed,cel8_220,↖ ↙ ↑ → ←,67.09309895833334,-4.658203124999999
independent,simultaneous,joint_directed,cel8_220_lw,↖ ↙ ↑ → ← + LW,66.48328993055556,-5.268012152777773
independent,simultaneous,joint_directed,cel8_221,↗ ↖ ↙ ↑ → ←,70.94835069444446,-0.8029513888888895
independent,simultaneous,joint_directed,cel8_221_lw,↗ ↖ ↙ ↑ → ← + LW,69.61588541666666,-2.13541666666667
independent,simultaneous,joint_directed,cel8_222,↘ ↖ ↙ ↑ → ←,69.68641493055556,-2.064887152777781
independent,simultaneous,joint_directed,cel8_222_lw,↘ ↖ ↙ ↑ → ← + LW,69.67122395833333,-2.080078125000001
independent,simultaneous,joint_directed,cel8_223,↗ ↘ ↖ ↙ ↑ → ←,71.36827256944444,-0.3830295138888884
independent,simultaneous,joint_directed,cel8_223_lw,↗ ↘ ↖ ↙ ↑ → ← + LW,70.55772569444446,-1.1935763888888895
independent,simultaneous,joint_directed,cel8_224,↓ → ←,58.324652777777786,-13.426649305555552
independent,simultaneous,joint_directed,cel8_224_lw,↓ → ← + LW,60.9689670138889,-10.782335069444441
independent,simultaneous,joint_directed,cel8_225,↗ ↓ → ←,68.55902777777777,-3.1922743055555536
independent,simultaneous,joint_directed,cel8_225_lw,↗ ↓ → ← + LW,67.28515625,-4.466145833333332
independent,simultaneous,joint_directed,cel8_226,↘ ↓ → ←,64.56380208333331,-7.187500000000002
independent,simultaneous,joint_directed,cel8_226_lw,↘ ↓ → ← + LW,67.01822916666666,-4.73307291666667
independent,simultaneous,joint_directed,cel8_227,↗ ↘ ↓ → ←,69.30989583333333,-2.44140625
independent,simultaneous,joint_directed,cel8_227_lw,↗ ↘ ↓ → ← + LW,68.80750868055556,-2.9437934027777777
independent,simultaneous,joint_directed,cel8_228,↖ ↓ → ←,65.27126736111111,-6.48003472222222
independent,simultaneous,joint_directed,cel8_228_lw,↖ ↓ → ← + LW,65.80186631944444,-5.949435763888888
independent,simultaneous,joint_directed,cel8_229,↗ ↖ ↓ → ←,70.47092013888889,-1.280381944444442
independent,simultaneous,joint_directed,cel8_229_lw,↗ ↖ ↓ → ← + LW,69.16341145833333,-2.5878906249999973
independent,simultaneous,joint_directed,cel8_230,↘ ↖ ↓ → ←,68.55794270833334,-3.193359374999996
independent,simultaneous,joint_directed,cel8_230_lw,↘ ↖ ↓ → ← + LW,69.46723090277777,-2.2840711805555527
independent,simultaneous,joint_directed,cel8_231,↗ ↘ ↖ ↓ → ←,70.96788194444444,-0.7834201388888878
independent,simultaneous,joint_directed,cel8_231_lw,↗ ↘ ↖ ↓ → ← + LW,70.47417534722223,-1.277126736111109
independent,simultaneous,joint_directed,cel8_232,↙ ↓ → ←,62.97417534722223,-8.777126736111104
independent,simultaneous,joint_directed,cel8_232_lw,↙ ↓ → ← + LW,64.49544270833334,-7.255859374999996
independent,simultaneous,joint_directed,cel8_233,↗ ↙ ↓ → ←,69.84266493055556,-1.9086371527777786
independent,simultaneous,joint_directed,cel8_233_lw,↗ ↙ ↓ → ← + LW,68.79774305555554,-2.9535590277777803
independent,simultaneous,joint_directed,cel8_234,↘ ↙ ↓ → ←,67.03125000000001,-4.720052083333329
independent,simultaneous,joint_directed,cel8_234_lw,↘ ↙ ↓ → ← + LW,68.58940972222223,-3.1618923611111125
independent,simultaneous,joint_directed,cel8_235,↗ ↘ ↙ ↓ → ←,70.38953993055554,-1.361762152777779
independent,simultaneous,joint_directed,cel8_235_lw,↗ ↘ ↙ ↓ → ← + LW,69.86762152777779,-1.8836805555555558
independent,simultaneous,joint_directed,cel8_236,↖ ↙ ↓ → ←,66.06879340277779,-5.682508680555554
independent,simultaneous,joint_directed,cel8_236_lw,↖ ↙ ↓ → ← + LW,66.39973958333334,-5.351562499999996
independent,simultaneous,joint_directed,cel8_237,↗ ↖ ↙ ↓ → ←,70.71723090277779,-1.0340711805555458
independent,simultaneous,joint_directed,cel8_237_lw,↗ ↖ ↙ ↓ → ← + LW,69.69075520833333,-2.0605468749999996
independent,simultaneous,joint_directed,cel8_238,↘ ↖ ↙ ↓ → ←,68.95833333333334,-2.7929687499999996
independent,simultaneous,joint_directed,cel8_238_lw,↘ ↖ ↙ ↓ → ← + LW,69.70703125,-2.044270833333328
independent,simultaneous,joint_directed,cel8_239,↗ ↘ ↖ ↙ ↓ → ←,71.07530381944444,-0.6759982638888856
independent,simultaneous,joint_directed,cel8_239_lw,↗ ↘ ↖ ↙ ↓ → ← + LW,70.62934027777779,-1.1219618055555518
independent,simultaneous,joint_directed,cel8_240,↑ ↓ → ←,61.77951388888889,-9.97178819444444
independent,simultaneous,joint_directed,cel8_240_lw,↑ ↓ → ← + LW,62.52278645833332,-9.228515625000004
independent,simultaneous,joint_directed,cel8_241,↗ ↑ ↓ → ←,69.462890625,-2.288411458333331
independent,simultaneous,joint_directed,cel8_241_lw,↗ ↑ ↓ → ← + LW,67.67795138888889,-4.073350694444447
independent,simultaneous,joint_directed,cel8_242,↘ ↑ ↓ → ←,66.39756944444444,-5.353732638888892
independent,simultaneous,joint_directed,cel8_242_lw,↘ ↑ ↓ → ← + LW,67.53255208333334,-4.2187499999999964
independent,simultaneous,joint_directed,cel8_243,↗ ↘ ↑ ↓ → ←,70.12586805555556,-1.625434027777778
independent,simultaneous,joint_directed,cel8_243_lw,↗ ↘ ↑ ↓ → ← + LW,69.17860243055556,-2.5726996527777715
independent,simultaneous,joint_directed,cel8_244,↖ ↑ ↓ → ←,66.78059895833334,-4.970703125000001
independent,simultaneous,joint_directed,cel8_244_lw,↖ ↑ ↓ → ← + LW,66.53645833333334,-5.214843749999995
independent,simultaneous,joint_directed,cel8_245,↗ ↖ ↑ ↓ → ←,70.85611979166667,-0.895182291666663
independent,simultaneous,joint_directed,cel8_245_lw,↗ ↖ ↑ ↓ → ← + LW,69.53993055555556,-2.211371527777775
independent,simultaneous,joint_directed,cel8_246,↘ ↖ ↑ ↓ → ←,69.39453124999999,-2.3567708333333353
independent,simultaneous,joint_directed,cel8_246_lw,↘ ↖ ↑ ↓ → ← + LW,69.87413194444446,-1.8771701388888866
independent,simultaneous,joint_directed,cel8_247,↗ ↘ ↖ ↑ ↓ → ←,71.30967881944444,-0.44162326388888784
independent,simultaneous,joint_directed,cel8_247_lw,↗ ↘ ↖ ↑ ↓ → ← + LW,70.79644097222221,-0.9548611111111105
independent,simultaneous,joint_directed,cel8_248,↙ ↑ ↓ → ←,65.38845486111111,-6.3628472222222205
independent,simultaneous,joint_directed,cel8_248_lw,↙ ↑ ↓ → ← + LW,65.71940104166666,-6.031901041666665
independent,simultaneous,joint_directed,cel8_249,↗ ↙ ↑ ↓ → ←,70.46223958333333,-1.2890625000000018
independent,simultaneous,joint_directed,cel8_249_lw,↗ ↙ ↑ ↓ → ← + LW,69.08203125,-2.6692708333333344
independent,simultaneous,joint_directed,cel8_250,↘ ↙ ↑ ↓ → ←,68.33116319444444,-3.4201388888888906
independent,simultaneous,joint_directed,cel8_250_lw,↘ ↙ ↑ ↓ → ← + LW,68.87044270833333,-2.880859375
independent,simultaneous,joint_directed,cel8_251,↗ ↘ ↙ ↑ ↓ → ←,70.95052083333334,-0.8007812499999961
independent,simultaneous,joint_directed,cel8_251_lw,↗ ↘ ↙ ↑ ↓ → ← + LW,70.10633680555556,-1.6449652777777795
independent,simultaneous,joint_directed,cel8_252,↖ ↙ ↑ ↓ → ←,67.38823784722221,-4.363064236111105
independent,simultaneous,joint_directed,cel8_252_lw,↖ ↙ ↑ ↓ → ← + LW,67.10611979166667,-4.645182291666666
independent,simultaneous,joint_directed,cel8_253,↗ ↖ ↙ ↑ ↓ → ←,71.08940972222221,-0.6618923611111105
independent,simultaneous,joint_directed,cel8_253_lw,↗ ↖ ↙ ↑ ↓ → ← + LW,69.91427951388889,-1.8370225694444409
independent,simultaneous,joint_directed,cel8_254,↘ ↖ ↙ ↑ ↓ → ←,69.76345486111111,-1.987847222222222
independent,simultaneous,joint_directed,cel8_254_lw,↘ ↖ ↙ ↑ ↓ → ← + LW,70.04014756944444,-1.711154513888888
independent,simultaneous,joint_directed,cel8_255,↗ ↘ ↖ ↙ ↑ ↓ → ←,71.50065104166666,-0.2506510416666635
independent,simultaneous,joint_directed,cel8_255_lw,↗ ↘ ↖ ↙ ↑ ↓ → ← + LW,70.80403645833333,-0.9472656250000017
